symbol,2021,2022,2023,2024,2025,five_year_event_presence,calendar_core_missing,calendar_core_invalid,event_count,declaration_dates_found,price_coverage,verification_status,eligible_strict,reason
AADI,0,0,0,0,1,False,{},{},1,0,not_audited_for_full_five_years,incomplete,False,"Declaration-event linkage, price completeness and adjustment basis not verified"
AALI,2,2,2,2,1,True,{},{},9,0,not_audited_for_full_five_years,incomplete,False,"Declaration-event linkage, price completeness and adjustment basis not verified"
ABDA,1,1,0,0,0,False,{},{},2,0,not_audited_for_full_five_years,incomplete,False,"Declaration-event linkage, price completeness and adjustment basis not verified"
ABMM,0,1,1,1,1,False,{},{},4,0,not_audited_for_full_five_years,incomplete,False,"Declaration-event linkage, price completeness and adjustment basis not verified"
ACES,1,1,1,1,1,True,{},{},5,0,not_audited_for_full_five_years,incomplete,False,"Declaration-event linkage, price completeness and adjustment basis not verified"
ACRO,0,0,0,0,1,False,{},{},1,0,not_audited_for_full_five_years,incomplete,False,"Declaration-event linkage, price completeness and adjustment basis not verified"
ADCP,0,1,0,0,0,False,{},{},1,0,not_audited_for_full_five_years,incomplete,False,"Declaration-event linkage, price completeness and adjustment basis not verified"
ADMF,1,1,1,1,1,True,{},{},5,0,not_audited_for_full_five_years,incomplete,False,"Declaration-event linkage, price completeness and adjustment basis not verified"
ADMR,0,0,0,0,1,False,{},{},1,0,not_audited_for_full_five_years,incomplete,False,"Declaration-event linkage, price completeness and adjustment basis not verified"
ADRO,2,1,3,3,2,True,{},{},11,0,not_audited_for_full_five_years,incomplete,False,"Declaration-event linkage, price completeness and adjustment basis not verified"
AGII,1,1,1,1,1,True,{},{},5,0,not_audited_for_full_five_years,incomplete,False,"Declaration-event linkage, price completeness and adjustment basis not verified"
AKPI,1,1,1,0,1,False,{},{},4,0,not_audited_for_full_five_years,incomplete,False,"Declaration-event linkage, price completeness and adjustment basis not verified"
AKRA,2,2,3,2,2,True,{},{},11,0,not_audited_for_full_five_years,incomplete,False,"Declaration-event linkage, price completeness and adjustment basis not verified"
ALDO,1,1,1,1,1,True,{},{},5,0,not_audited_for_full_five_years,incomplete,False,"Declaration-event linkage, price completeness and adjustment basis not verified"
ALII,0,0,0,0,1,False,{},{},1,0,not_audited_for_full_five_years,incomplete,False,"Declaration-event linkage, price completeness and adjustment basis not verified"
AMAG,1,1,1,1,1,True,{},{},5,0,not_audited_for_full_five_years,incomplete,False,"Declaration-event linkage, price completeness and adjustment basis not verified"
AMAN,1,1,0,1,0,False,{},{},3,0,not_audited_for_full_five_years,incomplete,False,"Declaration-event linkage, price completeness and adjustment basis not verified"
AMAR,0,0,0,3,3,False,{},{},6,0,not_audited_for_full_five_years,incomplete,False,"Declaration-event linkage, price completeness and adjustment basis not verified"
AMFG,0,1,1,1,1,False,{},{},4,0,not_audited_for_full_five_years,incomplete,False,"Declaration-event linkage, price completeness and adjustment basis not verified"
AMIN,0,0,0,1,1,False,{},{},2,0,not_audited_for_full_five_years,incomplete,False,"Declaration-event linkage, price completeness and adjustment basis not verified"
AMOR,2,2,2,2,2,True,{},{},10,0,not_audited_for_full_five_years,incomplete,False,"Declaration-event linkage, price completeness and adjustment basis not verified"
AMRT,1,1,1,1,1,True,{},{},5,0,not_audited_for_full_five_years,incomplete,False,"Declaration-event linkage, price completeness and adjustment basis not verified"
ANJT,1,1,1,0,0,False,{},{},3,0,not_audited_for_full_five_years,incomplete,False,"Declaration-event linkage, price completeness and adjustment basis not verified"
ANTM,1,1,1,1,1,True,{},{},5,0,not_audited_for_full_five_years,incomplete,False,"Declaration-event linkage, price completeness and adjustment basis not verified"
APLI,0,0,0,1,0,False,{},{},1,0,not_audited_for_full_five_years,incomplete,False,"Declaration-event linkage, price completeness and adjustment basis not verified"
ARCI,0,0,0,0,1,False,{},{},1,0,not_audited_for_full_five_years,incomplete,False,"Declaration-event linkage, price completeness and adjustment basis not verified"
ARNA,1,1,1,1,1,True,{},{},5,0,not_audited_for_full_five_years,incomplete,False,"Declaration-event linkage, price completeness and adjustment basis not verified"
ARTA,0,0,1,1,1,False,{},{},3,0,not_audited_for_full_five_years,incomplete,False,"Declaration-event linkage, price completeness and adjustment basis not verified"
ASBI,1,1,1,1,1,True,{},{},5,0,not_audited_for_full_five_years,incomplete,False,"Declaration-event linkage, price completeness and adjustment basis not verified"
ASDM,1,1,1,1,1,True,{},{},5,0,not_audited_for_full_five_years,incomplete,False,"Declaration-event linkage, price completeness and adjustment basis not verified"
ASGR,2,2,2,2,2,True,{},{},10,0,not_audited_for_full_five_years,incomplete,False,"Declaration-event linkage, price completeness and adjustment basis not verified"
ASII,2,2,2,2,2,True,{},{},10,0,not_audited_for_full_five_years,incomplete,False,"Declaration-event linkage, price completeness and adjustment basis not verified"
ASLC,0,0,0,0,1,False,{},{},1,0,not_audited_for_full_five_years,incomplete,False,"Declaration-event linkage, price completeness and adjustment basis not verified"
ASRM,1,1,1,1,0,False,{},{},4,0,not_audited_for_full_five_years,incomplete,False,"Declaration-event linkage, price completeness and adjustment basis not verified"
ASSA,0,0,0,2,2,False,{},{},4,0,not_audited_for_full_five_years,incomplete,False,"Declaration-event linkage, price completeness and adjustment basis not verified"
ATAP,1,1,1,0,0,False,{},{},3,0,not_audited_for_full_five_years,incomplete,False,"Declaration-event linkage, price completeness and adjustment basis not verified"
ATLA,0,0,0,0,1,False,{},{},1,0,not_audited_for_full_five_years,incomplete,False,"Declaration-event linkage, price completeness and adjustment basis not verified"
AUTO,2,2,2,2,2,True,{},{},10,0,not_audited_for_full_five_years,incomplete,False,"Declaration-event linkage, price completeness and adjustment basis not verified"
AVIA,0,2,2,2,2,False,{},{},8,0,not_audited_for_full_five_years,incomplete,False,"Declaration-event linkage, price completeness and adjustment basis not verified"
AXIO,0,0,2,2,2,False,{},{},6,0,not_audited_for_full_five_years,incomplete,False,"Declaration-event linkage, price completeness and adjustment basis not verified"
BALI,1,1,1,1,1,True,{},{},5,0,not_audited_for_full_five_years,incomplete,False,"Declaration-event linkage, price completeness and adjustment basis not verified"
BATR,0,0,0,0,1,False,{},{},1,0,not_audited_for_full_five_years,incomplete,False,"Declaration-event linkage, price completeness and adjustment basis not verified"
BAUT,0,0,1,1,0,False,{},{},2,0,not_audited_for_full_five_years,incomplete,False,"Declaration-event linkage, price completeness and adjustment basis not verified"
BAYU,1,1,1,1,1,True,{},{},5,0,not_audited_for_full_five_years,incomplete,False,"Declaration-event linkage, price completeness and adjustment basis not verified"
BBCA,2,2,2,2,2,True,{},{},10,0,not_audited_for_full_five_years,incomplete,False,"Declaration-event linkage, price completeness and adjustment basis not verified"
BBHI,0,0,0,0,1,False,{},{},1,0,not_audited_for_full_five_years,incomplete,False,"Declaration-event linkage, price completeness and adjustment basis not verified"
BBLD,1,1,1,1,1,True,{},{},5,0,not_audited_for_full_five_years,incomplete,False,"Declaration-event linkage, price completeness and adjustment basis not verified"
BBMD,1,1,1,1,1,True,{},{},5,0,not_audited_for_full_five_years,incomplete,False,"Declaration-event linkage, price completeness and adjustment basis not verified"
BBNI,1,1,1,1,1,True,{},{},5,0,not_audited_for_full_five_years,incomplete,False,"Declaration-event linkage, price completeness and adjustment basis not verified"
BBRI,1,1,2,3,2,True,{},{},9,0,not_audited_for_full_five_years,incomplete,False,"Declaration-event linkage, price completeness and adjustment basis not verified"
BBTN,0,1,1,1,1,False,{},{},4,0,not_audited_for_full_five_years,incomplete,False,"Declaration-event linkage, price completeness and adjustment basis not verified"
BBYB,1,0,0,0,0,False,{},{},1,0,not_audited_for_full_five_years,incomplete,False,"Declaration-event linkage, price completeness and adjustment basis not verified"
BDKR,0,0,0,1,1,False,{},{},2,0,not_audited_for_full_five_years,incomplete,False,"Declaration-event linkage, price completeness and adjustment basis not verified"
BDMN,1,1,1,1,1,True,{},{},5,0,not_audited_for_full_five_years,incomplete,False,"Declaration-event linkage, price completeness and adjustment basis not verified"
BEBS,0,1,0,0,0,False,{},{},1,0,not_audited_for_full_five_years,incomplete,False,"Declaration-event linkage, price completeness and adjustment basis not verified"
BEER,0,0,1,1,0,False,{},{},2,0,not_audited_for_full_five_years,incomplete,False,"Declaration-event linkage, price completeness and adjustment basis not verified"
BELL,1,1,1,1,1,True,{},{},5,0,not_audited_for_full_five_years,incomplete,False,"Declaration-event linkage, price completeness and adjustment basis not verified"
BFIN,2,2,2,2,2,True,{},{},10,0,not_audited_for_full_five_years,incomplete,False,"Declaration-event linkage, price completeness and adjustment basis not verified"
BIKE,0,1,1,1,1,False,{},{},4,0,not_audited_for_full_five_years,incomplete,False,"Declaration-event linkage, price completeness and adjustment basis not verified"
BINO,0,1,1,1,0,False,{},{},3,0,not_audited_for_full_five_years,incomplete,False,"Declaration-event linkage, price completeness and adjustment basis not verified"
BIRD,1,1,1,1,1,True,{},{},5,0,not_audited_for_full_five_years,incomplete,False,"Declaration-event linkage, price completeness and adjustment basis not verified"
BISI,1,1,1,1,1,True,{},{},5,0,not_audited_for_full_five_years,incomplete,False,"Declaration-event linkage, price completeness and adjustment basis not verified"
BJBR,1,1,1,1,1,True,{},{},5,0,not_audited_for_full_five_years,incomplete,False,"Declaration-event linkage, price completeness and adjustment basis not verified"
BJTM,1,1,1,1,1,True,{},{},5,0,not_audited_for_full_five_years,incomplete,False,"Declaration-event linkage, price completeness and adjustment basis not verified"
BLES,0,0,0,0,1,False,{},{},1,0,not_audited_for_full_five_years,incomplete,False,"Declaration-event linkage, price completeness and adjustment basis not verified"
BLUE,1,1,1,1,1,True,{},{},5,0,not_audited_for_full_five_years,incomplete,False,"Declaration-event linkage, price completeness and adjustment basis not verified"
BMAS,1,0,0,0,0,False,{},{},1,0,not_audited_for_full_five_years,incomplete,False,"Declaration-event linkage, price completeness and adjustment basis not verified"
BMHS,0,1,1,1,1,False,{},{},4,0,not_audited_for_full_five_years,incomplete,False,"Declaration-event linkage, price completeness and adjustment basis not verified"
BMRI,1,1,1,1,1,True,{},{},5,0,not_audited_for_full_five_years,incomplete,False,"Declaration-event linkage, price completeness and adjustment basis not verified"
BNBA,1,1,0,0,0,False,{},{},2,0,not_audited_for_full_five_years,incomplete,False,"Declaration-event linkage, price completeness and adjustment basis not verified"
BNGA,1,1,1,1,1,True,{},{},5,0,not_audited_for_full_five_years,incomplete,False,"Declaration-event linkage, price completeness and adjustment basis not verified"
BNII,1,1,1,1,1,True,{},{},5,0,not_audited_for_full_five_years,incomplete,False,"Declaration-event linkage, price completeness and adjustment basis not verified"
BNLI,0,1,1,1,1,False,{},{},4,0,not_audited_for_full_five_years,incomplete,False,"Declaration-event linkage, price completeness and adjustment basis not verified"
BOBA,1,1,2,2,2,True,{},{},8,0,not_audited_for_full_five_years,incomplete,False,"Declaration-event linkage, price completeness and adjustment basis not verified"
BOLA,0,1,0,0,0,False,{},{},1,0,not_audited_for_full_five_years,incomplete,False,"Declaration-event linkage, price completeness and adjustment basis not verified"
BOLT,0,1,1,1,1,False,{},{},4,0,not_audited_for_full_five_years,incomplete,False,"Declaration-event linkage, price completeness and adjustment basis not verified"
BPFI,0,0,1,1,1,False,{},{},3,0,not_audited_for_full_five_years,incomplete,False,"Declaration-event linkage, price completeness and adjustment basis not verified"
BPII,0,1,2,2,2,False,{},{},7,0,not_audited_for_full_five_years,incomplete,False,"Declaration-event linkage, price completeness and adjustment basis not verified"
BRAM,2,2,2,2,0,False,{},{},8,0,not_audited_for_full_five_years,incomplete,False,"Declaration-event linkage, price completeness and adjustment basis not verified"
BREN,0,0,1,2,0,False,{},{},3,0,not_audited_for_full_five_years,incomplete,False,"Declaration-event linkage, price completeness and adjustment basis not verified"
BRIS,0,1,1,1,1,False,{},{},4,0,not_audited_for_full_five_years,incomplete,False,"Declaration-event linkage, price completeness and adjustment basis not verified"
BRPT,1,1,1,1,0,False,{},{},4,0,not_audited_for_full_five_years,incomplete,False,"Declaration-event linkage, price completeness and adjustment basis not verified"
BSBK,0,0,0,1,0,False,{},{},1,0,not_audited_for_full_five_years,incomplete,False,"Declaration-event linkage, price completeness and adjustment basis not verified"
BSML,0,1,1,1,0,False,{},{},3,0,not_audited_for_full_five_years,incomplete,False,"Declaration-event linkage, price completeness and adjustment basis not verified"
BSSR,2,4,2,3,3,True,{},{},14,0,not_audited_for_full_five_years,incomplete,False,"Declaration-event linkage, price completeness and adjustment basis not verified"
BTON,0,0,0,1,0,False,{},{},1,0,not_audited_for_full_five_years,incomplete,False,"Declaration-event linkage, price completeness and adjustment basis not verified"
BTPN,0,0,1,1,1,False,{},{},3,0,not_audited_for_full_five_years,incomplete,False,"Declaration-event linkage, price completeness and adjustment basis not verified"
BTPS,1,1,1,1,2,True,{},{},6,0,not_audited_for_full_five_years,incomplete,False,"Declaration-event linkage, price completeness and adjustment basis not verified"
BUAH,0,0,1,1,2,False,{},{},4,0,not_audited_for_full_five_years,incomplete,False,"Declaration-event linkage, price completeness and adjustment basis not verified"
BUDI,1,1,2,2,2,True,{},{},8,0,not_audited_for_full_five_years,incomplete,False,"Declaration-event linkage, price completeness and adjustment basis not verified"
BYAN,1,2,2,2,1,True,{},{},8,0,not_audited_for_full_five_years,incomplete,False,"Declaration-event linkage, price completeness and adjustment basis not verified"
CAMP,1,1,1,1,0,False,{},{},4,0,not_audited_for_full_five_years,incomplete,False,"Declaration-event linkage, price completeness and adjustment basis not verified"
CBDK,0,0,0,0,1,False,{},{},1,0,not_audited_for_full_five_years,incomplete,False,"Declaration-event linkage, price completeness and adjustment basis not verified"
CBPE,0,0,1,1,1,False,{},{},3,0,not_audited_for_full_five_years,incomplete,False,"Declaration-event linkage, price completeness and adjustment basis not verified"
CBUT,0,0,0,1,0,False,{},{},1,0,not_audited_for_full_five_years,incomplete,False,"Declaration-event linkage, price completeness and adjustment basis not verified"
CCSI,1,1,0,0,0,False,{},{},2,0,not_audited_for_full_five_years,incomplete,False,"Declaration-event linkage, price completeness and adjustment basis not verified"
CEKA,1,1,1,1,1,True,{},{},5,0,not_audited_for_full_five_years,incomplete,False,"Declaration-event linkage, price completeness and adjustment basis not verified"
CFIN,0,0,1,0,1,False,{},{},2,0,not_audited_for_full_five_years,incomplete,False,"Declaration-event linkage, price completeness and adjustment basis not verified"
CGAS,0,0,0,1,1,False,{},{},2,0,not_audited_for_full_five_years,incomplete,False,"Declaration-event linkage, price completeness and adjustment basis not verified"
CHEM,0,0,1,1,1,False,{},{},3,0,not_audited_for_full_five_years,incomplete,False,"Declaration-event linkage, price completeness and adjustment basis not verified"
CHIP,0,0,1,1,1,False,{},{},3,0,not_audited_for_full_five_years,incomplete,False,"Declaration-event linkage, price completeness and adjustment basis not verified"
CINT,1,1,1,1,1,True,{},{},5,0,not_audited_for_full_five_years,incomplete,False,"Declaration-event linkage, price completeness and adjustment basis not verified"
CITA,1,1,1,1,1,True,{},{},5,0,not_audited_for_full_five_years,incomplete,False,"Declaration-event linkage, price completeness and adjustment basis not verified"
CLEO,2,1,1,1,1,True,{},{},6,0,not_audited_for_full_five_years,incomplete,False,"Declaration-event linkage, price completeness and adjustment basis not verified"
CLPI,1,1,1,1,1,True,{},{},5,0,not_audited_for_full_five_years,incomplete,False,"Declaration-event linkage, price completeness and adjustment basis not verified"
CMRY,0,1,1,1,2,False,{},{},5,0,not_audited_for_full_five_years,incomplete,False,"Declaration-event linkage, price completeness and adjustment basis not verified"
CNMA,0,0,0,2,2,False,{},{},4,0,not_audited_for_full_five_years,incomplete,False,"Declaration-event linkage, price completeness and adjustment basis not verified"
CPIN,1,1,1,1,1,True,{},{},5,0,not_audited_for_full_five_years,incomplete,False,"Declaration-event linkage, price completeness and adjustment basis not verified"
CRAB,0,0,1,1,1,False,{},{},3,0,not_audited_for_full_five_years,incomplete,False,"Declaration-event linkage, price completeness and adjustment basis not verified"
CRSN,0,0,0,1,1,False,{},{},2,0,not_audited_for_full_five_years,incomplete,False,"Declaration-event linkage, price completeness and adjustment basis not verified"
CSAP,1,1,1,1,1,True,{},{},5,0,not_audited_for_full_five_years,incomplete,False,"Declaration-event linkage, price completeness and adjustment basis not verified"
CSRA,1,2,0,1,1,False,{},{},5,0,not_audited_for_full_five_years,incomplete,False,"Declaration-event linkage, price completeness and adjustment basis not verified"
CTBN,0,0,0,0,1,False,{},{},1,0,not_audited_for_full_five_years,incomplete,False,"Declaration-event linkage, price completeness and adjustment basis not verified"
CTRA,1,1,1,1,1,True,{},{},5,0,not_audited_for_full_five_years,incomplete,False,"Declaration-event linkage, price completeness and adjustment basis not verified"
CUAN,0,0,0,0,1,False,{},{},1,0,not_audited_for_full_five_years,incomplete,False,"Declaration-event linkage, price completeness and adjustment basis not verified"
DAAZ,0,0,0,0,1,False,{},{},1,0,not_audited_for_full_five_years,incomplete,False,"Declaration-event linkage, price completeness and adjustment basis not verified"
DADA,0,0,0,0,1,False,{},{},1,0,not_audited_for_full_five_years,incomplete,False,"Declaration-event linkage, price completeness and adjustment basis not verified"
DEPO,0,2,1,1,1,False,{},{},5,0,not_audited_for_full_five_years,incomplete,False,"Declaration-event linkage, price completeness and adjustment basis not verified"
DGNS,1,0,0,0,0,False,{},{},1,0,not_audited_for_full_five_years,incomplete,False,"Declaration-event linkage, price completeness and adjustment basis not verified"
DGWG,0,0,0,0,1,False,{},{},1,0,not_audited_for_full_five_years,incomplete,False,"Declaration-event linkage, price completeness and adjustment basis not verified"
DKFT,0,0,0,0,2,False,{},{},2,0,not_audited_for_full_five_years,incomplete,False,"Declaration-event linkage, price completeness and adjustment basis not verified"
DLTA,1,1,1,1,1,True,{},{},5,0,not_audited_for_full_five_years,incomplete,False,"Declaration-event linkage, price completeness and adjustment basis not verified"
DMAS,2,2,2,0,1,False,{},{},7,0,not_audited_for_full_five_years,incomplete,False,"Declaration-event linkage, price completeness and adjustment basis not verified"
DMND,0,0,0,0,1,False,{},{},1,0,not_audited_for_full_five_years,incomplete,False,"Declaration-event linkage, price completeness and adjustment basis not verified"
DNET,0,0,0,0,1,False,{},{},1,0,not_audited_for_full_five_years,incomplete,False,"Declaration-event linkage, price completeness and adjustment basis not verified"
DOID,0,1,2,1,0,False,{},{},4,0,not_audited_for_full_five_years,incomplete,False,"Declaration-event linkage, price completeness and adjustment basis not verified"
DOSS,0,0,0,0,1,False,{},{},1,0,not_audited_for_full_five_years,incomplete,False,"Declaration-event linkage, price completeness and adjustment basis not verified"
DPNS,0,1,1,1,1,False,{},{},4,0,not_audited_for_full_five_years,incomplete,False,"Declaration-event linkage, price completeness and adjustment basis not verified"
DRMA,0,1,1,1,1,False,{},{},4,0,not_audited_for_full_five_years,incomplete,False,"Declaration-event linkage, price completeness and adjustment basis not verified"
DSNG,1,1,1,1,1,True,{},{},5,0,not_audited_for_full_five_years,incomplete,False,"Declaration-event linkage, price completeness and adjustment basis not verified"
DUTI,0,1,0,1,0,False,{},{},2,0,not_audited_for_full_five_years,incomplete,False,"Declaration-event linkage, price completeness and adjustment basis not verified"
DVLA,2,2,2,2,2,True,{},{},10,0,not_audited_for_full_five_years,incomplete,False,"Declaration-event linkage, price completeness and adjustment basis not verified"
DWGL,0,0,0,0,1,False,{},{},1,0,not_audited_for_full_five_years,incomplete,False,"Declaration-event linkage, price completeness and adjustment basis not verified"
EAST,3,4,4,4,1,True,{},{},16,0,not_audited_for_full_five_years,incomplete,False,"Declaration-event linkage, price completeness and adjustment basis not verified"
ECII,0,0,1,0,0,False,{},{},1,0,not_audited_for_full_five_years,incomplete,False,"Declaration-event linkage, price completeness and adjustment basis not verified"
EKAD,1,1,1,1,1,True,{},{},5,0,not_audited_for_full_five_years,incomplete,False,"Declaration-event linkage, price completeness and adjustment basis not verified"
ELIT,0,0,1,1,1,False,{},{},3,0,not_audited_for_full_five_years,incomplete,False,"Declaration-event linkage, price completeness and adjustment basis not verified"
ELPI,0,0,1,1,1,False,{},{},3,0,not_audited_for_full_five_years,incomplete,False,"Declaration-event linkage, price completeness and adjustment basis not verified"
ELSA,1,1,1,1,1,True,{},{},5,0,not_audited_for_full_five_years,incomplete,False,"Declaration-event linkage, price completeness and adjustment basis not verified"
EMTK,0,1,1,1,2,False,{},{},5,0,not_audited_for_full_five_years,incomplete,False,"Declaration-event linkage, price completeness and adjustment basis not verified"
ENAK,0,0,1,0,0,False,{},{},1,0,not_audited_for_full_five_years,incomplete,False,"Declaration-event linkage, price completeness and adjustment basis not verified"
EPMT,1,1,1,1,1,True,{},{},5,0,not_audited_for_full_five_years,incomplete,False,"Declaration-event linkage, price completeness and adjustment basis not verified"
ERAA,1,1,1,1,1,True,{},{},5,0,not_audited_for_full_five_years,incomplete,False,"Declaration-event linkage, price completeness and adjustment basis not verified"
ERAL,0,0,0,1,1,False,{},{},2,0,not_audited_for_full_five_years,incomplete,False,"Declaration-event linkage, price completeness and adjustment basis not verified"
ERTX,0,1,1,0,0,False,{},{},2,0,not_audited_for_full_five_years,incomplete,False,"Declaration-event linkage, price completeness and adjustment basis not verified"
ESIP,0,0,0,0,1,False,{},{},1,0,not_audited_for_full_five_years,incomplete,False,"Declaration-event linkage, price completeness and adjustment basis not verified"
ESSA,0,1,1,1,1,False,{},{},4,0,not_audited_for_full_five_years,incomplete,False,"Declaration-event linkage, price completeness and adjustment basis not verified"
ESTI,0,1,0,0,0,False,{},{},1,0,not_audited_for_full_five_years,incomplete,False,"Declaration-event linkage, price completeness and adjustment basis not verified"
EURO,0,0,0,1,1,False,{},{},2,0,not_audited_for_full_five_years,incomplete,False,"Declaration-event linkage, price completeness and adjustment basis not verified"
EXCL,1,1,1,1,2,True,{},{},6,0,not_audited_for_full_five_years,incomplete,False,"Declaration-event linkage, price completeness and adjustment basis not verified"
FASW,1,1,1,0,0,False,{},{},3,0,not_audited_for_full_five_years,incomplete,False,"Declaration-event linkage, price completeness and adjustment basis not verified"
FILM,1,0,0,1,0,False,{},{},2,0,not_audited_for_full_five_years,incomplete,False,"Declaration-event linkage, price completeness and adjustment basis not verified"
FISH,1,1,1,1,1,True,{},{},5,0,not_audited_for_full_five_years,incomplete,False,"Declaration-event linkage, price completeness and adjustment basis not verified"
FWCT,0,0,1,2,1,False,{},{},4,0,not_audited_for_full_five_years,incomplete,False,"Declaration-event linkage, price completeness and adjustment basis not verified"
GDST,0,0,0,2,0,False,{},{},2,0,not_audited_for_full_five_years,incomplete,False,"Declaration-event linkage, price completeness and adjustment basis not verified"
GEMA,0,0,0,1,1,False,{},{},2,0,not_audited_for_full_five_years,incomplete,False,"Declaration-event linkage, price completeness and adjustment basis not verified"
GEMS,5,5,2,4,2,True,{},{},18,0,not_audited_for_full_five_years,incomplete,False,"Declaration-event linkage, price completeness and adjustment basis not verified"
GGRM,1,1,1,0,1,False,{},{},4,0,not_audited_for_full_five_years,incomplete,False,"Declaration-event linkage, price completeness and adjustment basis not verified"
GGRP,0,1,0,0,0,False,{},{},1,0,not_audited_for_full_five_years,incomplete,False,"Declaration-event linkage, price completeness and adjustment basis not verified"
GHON,1,1,1,1,1,True,{},{},5,0,not_audited_for_full_five_years,incomplete,False,"Declaration-event linkage, price completeness and adjustment basis not verified"
GJTL,1,0,0,1,1,False,{},{},3,0,not_audited_for_full_five_years,incomplete,False,"Declaration-event linkage, price completeness and adjustment basis not verified"
GLVA,1,1,1,1,1,True,{},{},5,0,not_audited_for_full_five_years,incomplete,False,"Declaration-event linkage, price completeness and adjustment basis not verified"
GMTD,0,0,1,1,1,False,{},{},3,0,not_audited_for_full_five_years,incomplete,False,"Declaration-event linkage, price completeness and adjustment basis not verified"
GOLF,0,0,0,0,1,False,{},{},1,0,not_audited_for_full_five_years,incomplete,False,"Declaration-event linkage, price completeness and adjustment basis not verified"
GOOD,1,1,1,1,1,True,{},{},5,0,not_audited_for_full_five_years,incomplete,False,"Declaration-event linkage, price completeness and adjustment basis not verified"
GPRA,0,1,1,1,1,False,{},{},4,0,not_audited_for_full_five_years,incomplete,False,"Declaration-event linkage, price completeness and adjustment basis not verified"
GRPM,0,0,0,1,1,False,{},{},2,0,not_audited_for_full_five_years,incomplete,False,"Declaration-event linkage, price completeness and adjustment basis not verified"
GTBO,0,0,1,0,0,False,{},{},1,0,not_audited_for_full_five_years,incomplete,False,"Declaration-event linkage, price completeness and adjustment basis not verified"
GTRA,0,0,0,0,1,False,{},{},1,0,not_audited_for_full_five_years,incomplete,False,"Declaration-event linkage, price completeness and adjustment basis not verified"
GTSI,0,0,0,0,1,False,{},{},1,0,not_audited_for_full_five_years,incomplete,False,"Declaration-event linkage, price completeness and adjustment basis not verified"
GUNA,0,0,0,0,1,False,{},{},1,0,not_audited_for_full_five_years,incomplete,False,"Declaration-event linkage, price completeness and adjustment basis not verified"
HAIS,0,1,1,1,1,False,{},{},4,0,not_audited_for_full_five_years,incomplete,False,"Declaration-event linkage, price completeness and adjustment basis not verified"
HATM,0,0,1,1,0,False,{},{},2,0,not_audited_for_full_five_years,incomplete,False,"Declaration-event linkage, price completeness and adjustment basis not verified"
HEAL,1,1,1,1,1,True,{},{},5,0,not_audited_for_full_five_years,incomplete,False,"Declaration-event linkage, price completeness and adjustment basis not verified"
HEXA,1,1,1,1,1,True,{},{},5,0,not_audited_for_full_five_years,incomplete,False,"Declaration-event linkage, price completeness and adjustment basis not verified"
HGII,0,0,0,0,1,False,{},{},1,0,not_audited_for_full_five_years,incomplete,False,"Declaration-event linkage, price completeness and adjustment basis not verified"
HILL,0,0,1,1,0,False,{},{},2,0,not_audited_for_full_five_years,incomplete,False,"Declaration-event linkage, price completeness and adjustment basis not verified"
HMSP,1,1,1,1,1,True,{},{},5,0,not_audited_for_full_five_years,incomplete,False,"Declaration-event linkage, price completeness and adjustment basis not verified"
HOKI,1,1,1,1,1,True,{},{},5,0,not_audited_for_full_five_years,incomplete,False,"Declaration-event linkage, price completeness and adjustment basis not verified"
HRTA,1,1,1,1,1,True,{},{},5,0,not_audited_for_full_five_years,incomplete,False,"Declaration-event linkage, price completeness and adjustment basis not verified"
HRUM,1,2,0,0,0,False,{},{},3,0,not_audited_for_full_five_years,incomplete,False,"Declaration-event linkage, price completeness and adjustment basis not verified"
HUMI,0,0,0,1,1,False,{},{},2,0,not_audited_for_full_five_years,incomplete,False,"Declaration-event linkage, price completeness and adjustment basis not verified"
HYGN,0,0,0,1,1,False,{},{},2,0,not_audited_for_full_five_years,incomplete,False,"Declaration-event linkage, price completeness and adjustment basis not verified"
IBST,0,1,0,0,0,False,{},{},1,0,not_audited_for_full_five_years,incomplete,False,"Declaration-event linkage, price completeness and adjustment basis not verified"
ICBP,1,1,1,1,1,True,{},{},5,0,not_audited_for_full_five_years,incomplete,False,"Declaration-event linkage, price completeness and adjustment basis not verified"
IDEA,0,0,1,2,2,False,{},{},5,0,not_audited_for_full_five_years,incomplete,False,"Declaration-event linkage, price completeness and adjustment basis not verified"
IDPR,1,1,1,1,1,True,{},{},5,0,not_audited_for_full_five_years,incomplete,False,"Declaration-event linkage, price completeness and adjustment basis not verified"
IFII,0,1,1,2,2,False,{},{},6,0,not_audited_for_full_five_years,incomplete,False,"Declaration-event linkage, price completeness and adjustment basis not verified"
IFSH,0,1,1,1,1,False,{},{},4,0,not_audited_for_full_five_years,incomplete,False,"Declaration-event linkage, price completeness and adjustment basis not verified"
IGAR,1,1,0,0,1,False,{},{},3,0,not_audited_for_full_five_years,incomplete,False,"Declaration-event linkage, price completeness and adjustment basis not verified"
IKBI,0,0,1,1,1,False,{},{},3,0,not_audited_for_full_five_years,incomplete,False,"Declaration-event linkage, price completeness and adjustment basis not verified"
IKPM,0,0,0,1,0,False,{},{},1,0,not_audited_for_full_five_years,incomplete,False,"Declaration-event linkage, price completeness and adjustment basis not verified"
IMAS,1,1,1,1,1,True,{},{},5,0,not_audited_for_full_five_years,incomplete,False,"Declaration-event linkage, price completeness and adjustment basis not verified"
IMJS,1,1,1,1,1,True,{},{},5,0,not_audited_for_full_five_years,incomplete,False,"Declaration-event linkage, price completeness and adjustment basis not verified"
IMPC,1,1,1,1,0,False,{},{},4,0,not_audited_for_full_five_years,incomplete,False,"Declaration-event linkage, price completeness and adjustment basis not verified"
INCI,1,0,0,1,1,False,{},{},3,0,not_audited_for_full_five_years,incomplete,False,"Declaration-event linkage, price completeness and adjustment basis not verified"
INCO,1,0,1,0,1,False,{},{},3,0,not_audited_for_full_five_years,incomplete,False,"Declaration-event linkage, price completeness and adjustment basis not verified"
INDF,1,1,1,1,1,True,{},{},5,0,not_audited_for_full_five_years,incomplete,False,"Declaration-event linkage, price completeness and adjustment basis not verified"
INDR,0,1,1,0,0,False,{},{},2,0,not_audited_for_full_five_years,incomplete,False,"Declaration-event linkage, price completeness and adjustment basis not verified"
INDS,1,1,1,1,1,True,{},{},5,0,not_audited_for_full_five_years,incomplete,False,"Declaration-event linkage, price completeness and adjustment basis not verified"
INDY,0,1,1,1,1,False,{},{},4,0,not_audited_for_full_five_years,incomplete,False,"Declaration-event linkage, price completeness and adjustment basis not verified"
INET,0,0,0,0,1,False,{},{},1,0,not_audited_for_full_five_years,incomplete,False,"Declaration-event linkage, price completeness and adjustment basis not verified"
INKP,1,1,1,1,1,True,{},{},5,0,not_audited_for_full_five_years,incomplete,False,"Declaration-event linkage, price completeness and adjustment basis not verified"
INOV,0,1,0,0,0,False,{},{},1,0,not_audited_for_full_five_years,incomplete,False,"Declaration-event linkage, price completeness and adjustment basis not verified"
INPP,0,0,0,0,2,False,{},{},2,0,not_audited_for_full_five_years,incomplete,False,"Declaration-event linkage, price completeness and adjustment basis not verified"
INTP,1,1,1,1,1,True,{},{},5,0,not_audited_for_full_five_years,incomplete,False,"Declaration-event linkage, price completeness and adjustment basis not verified"
IPCC,0,2,2,2,2,False,{},{},8,0,not_audited_for_full_five_years,incomplete,False,"Declaration-event linkage, price completeness and adjustment basis not verified"
IPCM,2,2,1,3,1,True,{},{},9,0,not_audited_for_full_five_years,incomplete,False,"Declaration-event linkage, price completeness and adjustment basis not verified"
IPOL,1,1,0,0,0,False,{},{},2,0,not_audited_for_full_five_years,incomplete,False,"Declaration-event linkage, price completeness and adjustment basis not verified"
IRRA,1,1,0,0,0,False,{},{},2,0,not_audited_for_full_five_years,incomplete,False,"Declaration-event linkage, price completeness and adjustment basis not verified"
ISAT,1,1,1,1,1,True,{},{},5,0,not_audited_for_full_five_years,incomplete,False,"Declaration-event linkage, price completeness and adjustment basis not verified"
ISSP,1,1,1,1,1,True,{},{},5,0,not_audited_for_full_five_years,incomplete,False,"Declaration-event linkage, price completeness and adjustment basis not verified"
ITIC,0,0,1,1,0,False,{},{},2,0,not_audited_for_full_five_years,incomplete,False,"Declaration-event linkage, price completeness and adjustment basis not verified"
ITMG,2,2,2,2,2,True,{},{},10,0,not_audited_for_full_five_years,incomplete,False,"Declaration-event linkage, price completeness and adjustment basis not verified"
JARR,0,0,0,0,1,False,{},{},1,0,not_audited_for_full_five_years,incomplete,False,"Declaration-event linkage, price completeness and adjustment basis not verified"
JATI,0,0,0,1,1,False,{},{},2,0,not_audited_for_full_five_years,incomplete,False,"Declaration-event linkage, price completeness and adjustment basis not verified"
JAYA,1,1,3,1,1,True,{},{},7,0,not_audited_for_full_five_years,incomplete,False,"Declaration-event linkage, price completeness and adjustment basis not verified"
JECC,0,0,1,1,1,False,{},{},3,0,not_audited_for_full_five_years,incomplete,False,"Declaration-event linkage, price completeness and adjustment basis not verified"
JKON,0,0,1,1,1,False,{},{},3,0,not_audited_for_full_five_years,incomplete,False,"Declaration-event linkage, price completeness and adjustment basis not verified"
JPFA,1,1,1,1,1,True,{},{},5,0,not_audited_for_full_five_years,incomplete,False,"Declaration-event linkage, price completeness and adjustment basis not verified"
JRPT,1,1,1,1,1,True,{},{},5,0,not_audited_for_full_five_years,incomplete,False,"Declaration-event linkage, price completeness and adjustment basis not verified"
JSMR,0,0,1,1,1,False,{},{},3,0,not_audited_for_full_five_years,incomplete,False,"Declaration-event linkage, price completeness and adjustment basis not verified"
JSPT,0,0,0,1,1,False,{},{},2,0,not_audited_for_full_five_years,incomplete,False,"Declaration-event linkage, price completeness and adjustment basis not verified"
JTPE,1,1,2,2,1,True,{},{},7,0,not_audited_for_full_five_years,incomplete,False,"Declaration-event linkage, price completeness and adjustment basis not verified"
KAEF,1,1,0,0,0,False,{},{},2,0,not_audited_for_full_five_years,incomplete,False,"Declaration-event linkage, price completeness and adjustment basis not verified"
KBAG,1,1,0,0,0,False,{},{},2,0,not_audited_for_full_five_years,incomplete,False,"Declaration-event linkage, price completeness and adjustment basis not verified"
KBLI,0,1,1,1,1,False,{},{},4,0,not_audited_for_full_five_years,incomplete,False,"Declaration-event linkage, price completeness and adjustment basis not verified"
KBLM,1,0,1,1,1,False,{},{},4,0,not_audited_for_full_five_years,incomplete,False,"Declaration-event linkage, price completeness and adjustment basis not verified"
KDSI,1,1,1,1,1,True,{},{},5,0,not_audited_for_full_five_years,incomplete,False,"Declaration-event linkage, price completeness and adjustment basis not verified"
KDTN,0,0,1,1,1,False,{},{},3,0,not_audited_for_full_five_years,incomplete,False,"Declaration-event linkage, price completeness and adjustment basis not verified"
KEEN,1,1,1,1,1,True,{},{},5,0,not_audited_for_full_five_years,incomplete,False,"Declaration-event linkage, price completeness and adjustment basis not verified"
KEJU,0,0,1,1,1,False,{},{},3,0,not_audited_for_full_five_years,incomplete,False,"Declaration-event linkage, price completeness and adjustment basis not verified"
KIJA,0,0,0,0,1,False,{},{},1,0,not_audited_for_full_five_years,incomplete,False,"Declaration-event linkage, price completeness and adjustment basis not verified"
KINO,2,1,0,1,1,False,{},{},5,0,not_audited_for_full_five_years,incomplete,False,"Declaration-event linkage, price completeness and adjustment basis not verified"
KKES,0,0,1,1,0,False,{},{},2,0,not_audited_for_full_five_years,incomplete,False,"Declaration-event linkage, price completeness and adjustment basis not verified"
KKGI,2,1,1,1,3,True,{},{},8,0,not_audited_for_full_five_years,incomplete,False,"Declaration-event linkage, price completeness and adjustment basis not verified"
KLAS,0,0,0,1,1,False,{},{},2,0,not_audited_for_full_five_years,incomplete,False,"Declaration-event linkage, price completeness and adjustment basis not verified"
KLBF,1,1,1,1,1,True,{},{},5,0,not_audited_for_full_five_years,incomplete,False,"Declaration-event linkage, price completeness and adjustment basis not verified"
KMDS,2,2,2,2,2,True,{},{},10,0,not_audited_for_full_five_years,incomplete,False,"Declaration-event linkage, price completeness and adjustment basis not verified"
KMTR,1,1,0,0,0,False,{},{},2,0,not_audited_for_full_five_years,incomplete,False,"Declaration-event linkage, price completeness and adjustment basis not verified"
KOBX,0,1,1,0,0,False,{},{},2,0,not_audited_for_full_five_years,incomplete,False,"Declaration-event linkage, price completeness and adjustment basis not verified"
KOCI,0,0,0,1,1,False,{},{},2,0,not_audited_for_full_five_years,incomplete,False,"Declaration-event linkage, price completeness and adjustment basis not verified"
KRYA,0,0,1,0,0,False,{},{},1,0,not_audited_for_full_five_years,incomplete,False,"Declaration-event linkage, price completeness and adjustment basis not verified"
KUAS,0,1,1,1,2,False,{},{},5,0,not_audited_for_full_five_years,incomplete,False,"Declaration-event linkage, price completeness and adjustment basis not verified"
LAJU,0,0,1,1,1,False,{},{},3,0,not_audited_for_full_five_years,incomplete,False,"Declaration-event linkage, price completeness and adjustment basis not verified"
LCKM,1,1,0,0,0,False,{},{},2,0,not_audited_for_full_five_years,incomplete,False,"Declaration-event linkage, price completeness and adjustment basis not verified"
LFLO,0,0,0,1,0,False,{},{},1,0,not_audited_for_full_five_years,incomplete,False,"Declaration-event linkage, price completeness and adjustment basis not verified"
LIFE,1,1,1,1,1,True,{},{},5,0,not_audited_for_full_five_years,incomplete,False,"Declaration-event linkage, price completeness and adjustment basis not verified"
LINK,1,1,1,0,0,False,{},{},3,0,not_audited_for_full_five_years,incomplete,False,"Declaration-event linkage, price completeness and adjustment basis not verified"
LION,0,0,1,1,1,False,{},{},3,0,not_audited_for_full_five_years,incomplete,False,"Declaration-event linkage, price completeness and adjustment basis not verified"
LPCK,1,0,0,0,0,False,{},{},1,0,not_audited_for_full_five_years,incomplete,False,"Declaration-event linkage, price completeness and adjustment basis not verified"
LPGI,1,1,1,1,1,True,{},{},5,0,not_audited_for_full_five_years,incomplete,False,"Declaration-event linkage, price completeness and adjustment basis not verified"
LPIN,1,1,1,1,1,True,{},{},5,0,not_audited_for_full_five_years,incomplete,False,"Declaration-event linkage, price completeness and adjustment basis not verified"
LPPF,1,1,1,1,1,True,{},{},5,0,not_audited_for_full_five_years,incomplete,False,"Declaration-event linkage, price completeness and adjustment basis not verified"
LSIP,1,1,1,1,1,True,{},{},5,0,not_audited_for_full_five_years,incomplete,False,"Declaration-event linkage, price completeness and adjustment basis not verified"
LTLS,1,3,1,1,1,True,{},{},7,0,not_audited_for_full_five_years,incomplete,False,"Declaration-event linkage, price completeness and adjustment basis not verified"
LUCY,0,0,1,0,0,False,{},{},1,0,not_audited_for_full_five_years,incomplete,False,"Declaration-event linkage, price completeness and adjustment basis not verified"
MAHA,0,0,0,1,1,False,{},{},2,0,not_audited_for_full_five_years,incomplete,False,"Declaration-event linkage, price completeness and adjustment basis not verified"
MAIN,0,0,0,0,1,False,{},{},1,0,not_audited_for_full_five_years,incomplete,False,"Declaration-event linkage, price completeness and adjustment basis not verified"
MAPA,0,0,1,1,1,False,{},{},3,0,not_audited_for_full_five_years,incomplete,False,"Declaration-event linkage, price completeness and adjustment basis not verified"
MAPI,0,0,1,1,1,False,{},{},3,0,not_audited_for_full_five_years,incomplete,False,"Declaration-event linkage, price completeness and adjustment basis not verified"
MARK,1,1,2,3,3,True,{},{},10,0,not_audited_for_full_five_years,incomplete,False,"Declaration-event linkage, price completeness and adjustment basis not verified"
MASA,0,0,1,1,1,False,{},{},3,0,not_audited_for_full_five_years,incomplete,False,"Declaration-event linkage, price completeness and adjustment basis not verified"
MASB,0,0,0,0,1,False,{},{},1,0,not_audited_for_full_five_years,incomplete,False,"Declaration-event linkage, price completeness and adjustment basis not verified"
MBAP,2,2,2,1,1,True,{},{},8,0,not_audited_for_full_five_years,incomplete,False,"Declaration-event linkage, price completeness and adjustment basis not verified"
MCOL,1,2,2,2,2,True,{},{},9,0,not_audited_for_full_five_years,incomplete,False,"Declaration-event linkage, price completeness and adjustment basis not verified"
MDKI,1,1,1,1,1,True,{},{},5,0,not_audited_for_full_five_years,incomplete,False,"Declaration-event linkage, price completeness and adjustment basis not verified"
MDLA,0,0,0,0,1,False,{},{},1,0,not_audited_for_full_five_years,incomplete,False,"Declaration-event linkage, price completeness and adjustment basis not verified"
MEDC,0,2,2,2,2,False,{},{},8,0,not_audited_for_full_five_years,incomplete,False,"Declaration-event linkage, price completeness and adjustment basis not verified"
MEGA,1,1,1,1,1,True,{},{},5,0,not_audited_for_full_five_years,incomplete,False,"Declaration-event linkage, price completeness and adjustment basis not verified"
MERK,1,1,1,1,1,True,{},{},5,0,not_audited_for_full_five_years,incomplete,False,"Declaration-event linkage, price completeness and adjustment basis not verified"
META,0,0,0,0,1,False,{},{},1,0,not_audited_for_full_five_years,incomplete,False,"Declaration-event linkage, price completeness and adjustment basis not verified"
MFIN,1,1,1,0,1,False,{},{},4,0,not_audited_for_full_five_years,incomplete,False,"Declaration-event linkage, price completeness and adjustment basis not verified"
MFMI,1,2,1,1,1,True,{},{},6,0,not_audited_for_full_five_years,incomplete,False,"Declaration-event linkage, price completeness and adjustment basis not verified"
MGRO,0,1,0,0,0,False,{},{},1,0,not_audited_for_full_five_years,incomplete,False,"Declaration-event linkage, price completeness and adjustment basis not verified"
MHKI,0,0,0,1,1,False,{},{},2,0,not_audited_for_full_five_years,incomplete,False,"Declaration-event linkage, price completeness and adjustment basis not verified"
MICE,1,1,1,1,1,True,{},{},5,0,not_audited_for_full_five_years,incomplete,False,"Declaration-event linkage, price completeness and adjustment basis not verified"
MIDI,1,1,1,1,1,True,{},{},5,0,not_audited_for_full_five_years,incomplete,False,"Declaration-event linkage, price completeness and adjustment basis not verified"
MIKA,1,1,1,1,1,True,{},{},5,0,not_audited_for_full_five_years,incomplete,False,"Declaration-event linkage, price completeness and adjustment basis not verified"
MITI,0,1,1,1,0,False,{},{},3,0,not_audited_for_full_five_years,incomplete,False,"Declaration-event linkage, price completeness and adjustment basis not verified"
MKAP,0,0,0,0,1,False,{},{},1,0,not_audited_for_full_five_years,incomplete,False,"Declaration-event linkage, price completeness and adjustment basis not verified"
MKPI,1,1,1,1,1,True,{},{},5,0,not_audited_for_full_five_years,incomplete,False,"Declaration-event linkage, price completeness and adjustment basis not verified"
MKTR,0,0,1,1,1,False,{},{},3,0,not_audited_for_full_five_years,incomplete,False,"Declaration-event linkage, price completeness and adjustment basis not verified"
MLBI,1,2,2,2,2,True,{},{},9,0,not_audited_for_full_five_years,incomplete,False,"Declaration-event linkage, price completeness and adjustment basis not verified"
MLIA,0,0,1,1,1,False,{},{},3,0,not_audited_for_full_five_years,incomplete,False,"Declaration-event linkage, price completeness and adjustment basis not verified"
MLPT,1,3,1,2,2,True,{},{},9,0,not_audited_for_full_five_years,incomplete,False,"Declaration-event linkage, price completeness and adjustment basis not verified"
MMLP,0,0,0,0,1,False,{},{},1,0,not_audited_for_full_five_years,incomplete,False,"Declaration-event linkage, price completeness and adjustment basis not verified"
MNCN,1,0,1,0,0,False,{},{},2,0,not_audited_for_full_five_years,incomplete,False,"Declaration-event linkage, price completeness and adjustment basis not verified"
MOLI,0,0,0,1,0,False,{},{},1,0,not_audited_for_full_five_years,incomplete,False,"Declaration-event linkage, price completeness and adjustment basis not verified"
MPIX,0,0,0,0,1,False,{},{},1,0,not_audited_for_full_five_years,incomplete,False,"Declaration-event linkage, price completeness and adjustment basis not verified"
MPMX,1,1,1,1,1,True,{},{},5,0,not_audited_for_full_five_years,incomplete,False,"Declaration-event linkage, price completeness and adjustment basis not verified"
MPXL,0,0,1,2,1,False,{},{},4,0,not_audited_for_full_five_years,incomplete,False,"Declaration-event linkage, price completeness and adjustment basis not verified"
MREI,1,0,1,1,1,False,{},{},4,0,not_audited_for_full_five_years,incomplete,False,"Declaration-event linkage, price completeness and adjustment basis not verified"
MSIN,1,0,0,0,0,False,{},{},1,0,not_audited_for_full_five_years,incomplete,False,"Declaration-event linkage, price completeness and adjustment basis not verified"
MSJA,0,0,0,1,1,False,{},{},2,0,not_audited_for_full_five_years,incomplete,False,"Declaration-event linkage, price completeness and adjustment basis not verified"
MSTI,0,0,0,1,2,False,{},{},3,0,not_audited_for_full_five_years,incomplete,False,"Declaration-event linkage, price completeness and adjustment basis not verified"
MTDL,1,1,1,1,1,True,{},{},5,0,not_audited_for_full_five_years,incomplete,False,"Declaration-event linkage, price completeness and adjustment basis not verified"
MTEL,0,1,1,1,1,False,{},{},4,0,not_audited_for_full_five_years,incomplete,False,"Declaration-event linkage, price completeness and adjustment basis not verified"
MTLA,1,1,1,1,1,True,{},{},5,0,not_audited_for_full_five_years,incomplete,False,"Declaration-event linkage, price completeness and adjustment basis not verified"
MTWI,0,0,0,0,2,False,{},{},2,0,not_audited_for_full_five_years,incomplete,False,"Declaration-event linkage, price completeness and adjustment basis not verified"
MUTU,0,0,0,1,1,False,{},{},2,0,not_audited_for_full_five_years,incomplete,False,"Declaration-event linkage, price completeness and adjustment basis not verified"
MYOH,1,1,1,1,1,True,{},{},5,0,not_audited_for_full_five_years,incomplete,False,"Declaration-event linkage, price completeness and adjustment basis not verified"
MYOR,1,1,1,1,1,True,{},{},5,0,not_audited_for_full_five_years,incomplete,False,"Declaration-event linkage, price completeness and adjustment basis not verified"
NAIK,0,0,0,0,1,False,{},{},1,0,not_audited_for_full_five_years,incomplete,False,"Declaration-event linkage, price completeness and adjustment basis not verified"
NAYZ,0,0,1,1,0,False,{},{},2,0,not_audited_for_full_five_years,incomplete,False,"Declaration-event linkage, price completeness and adjustment basis not verified"
NCKL,0,0,1,1,1,False,{},{},3,0,not_audited_for_full_five_years,incomplete,False,"Declaration-event linkage, price completeness and adjustment basis not verified"
NELY,3,2,2,2,1,True,{},{},10,0,not_audited_for_full_five_years,incomplete,False,"Declaration-event linkage, price completeness and adjustment basis not verified"
NICL,0,0,2,3,3,False,{},{},8,0,not_audited_for_full_five_years,incomplete,False,"Declaration-event linkage, price completeness and adjustment basis not verified"
NIKL,0,1,0,0,0,False,{},{},1,0,not_audited_for_full_five_years,incomplete,False,"Declaration-event linkage, price completeness and adjustment basis not verified"
NISP,0,1,1,1,1,False,{},{},4,0,not_audited_for_full_five_years,incomplete,False,"Declaration-event linkage, price completeness and adjustment basis not verified"
NPGF,0,0,0,0,1,False,{},{},1,0,not_audited_for_full_five_years,incomplete,False,"Declaration-event linkage, price completeness and adjustment basis not verified"
NRCA,1,1,1,1,1,True,{},{},5,0,not_audited_for_full_five_years,incomplete,False,"Declaration-event linkage, price completeness and adjustment basis not verified"
NSSS,0,0,0,0,1,False,{},{},1,0,not_audited_for_full_five_years,incomplete,False,"Declaration-event linkage, price completeness and adjustment basis not verified"
NTBK,0,1,1,1,1,False,{},{},4,0,not_audited_for_full_five_years,incomplete,False,"Declaration-event linkage, price completeness and adjustment basis not verified"
OBAT,0,0,0,0,1,False,{},{},1,0,not_audited_for_full_five_years,incomplete,False,"Declaration-event linkage, price completeness and adjustment basis not verified"
OILS,0,1,1,0,0,False,{},{},2,0,not_audited_for_full_five_years,incomplete,False,"Declaration-event linkage, price completeness and adjustment basis not verified"
OMED,0,0,1,1,1,False,{},{},3,0,not_audited_for_full_five_years,incomplete,False,"Declaration-event linkage, price completeness and adjustment basis not verified"
PADA,0,0,1,0,0,False,{},{},1,0,not_audited_for_full_five_years,incomplete,False,"Declaration-event linkage, price completeness and adjustment basis not verified"
PALM,0,1,0,0,0,False,{},{},1,0,not_audited_for_full_five_years,incomplete,False,"Declaration-event linkage, price completeness and adjustment basis not verified"
PANI,0,0,0,1,1,False,{},{},2,0,not_audited_for_full_five_years,incomplete,False,"Declaration-event linkage, price completeness and adjustment basis not verified"
PANR,0,0,0,0,1,False,{},{},1,0,not_audited_for_full_five_years,incomplete,False,"Declaration-event linkage, price completeness and adjustment basis not verified"
PANS,1,1,1,1,1,True,{},{},5,0,not_audited_for_full_five_years,incomplete,False,"Declaration-event linkage, price completeness and adjustment basis not verified"
PART,0,0,0,0,1,False,{},{},1,0,not_audited_for_full_five_years,incomplete,False,"Declaration-event linkage, price completeness and adjustment basis not verified"
PBID,1,1,1,1,1,True,{},{},5,0,not_audited_for_full_five_years,incomplete,False,"Declaration-event linkage, price completeness and adjustment basis not verified"
PBSA,1,1,2,1,1,True,{},{},6,0,not_audited_for_full_five_years,incomplete,False,"Declaration-event linkage, price completeness and adjustment basis not verified"
PDPP,0,0,1,1,1,False,{},{},3,0,not_audited_for_full_five_years,incomplete,False,"Declaration-event linkage, price completeness and adjustment basis not verified"
PEHA,1,1,1,0,0,False,{},{},3,0,not_audited_for_full_five_years,incomplete,False,"Declaration-event linkage, price completeness and adjustment basis not verified"
PGAS,0,1,1,1,1,False,{},{},4,0,not_audited_for_full_five_years,incomplete,False,"Declaration-event linkage, price completeness and adjustment basis not verified"
PGEO,0,0,1,1,1,False,{},{},3,0,not_audited_for_full_five_years,incomplete,False,"Declaration-event linkage, price completeness and adjustment basis not verified"
PGLI,0,2,1,0,0,False,{},{},3,0,not_audited_for_full_five_years,incomplete,False,"Declaration-event linkage, price completeness and adjustment basis not verified"
PGUN,0,0,0,0,1,False,{},{},1,0,not_audited_for_full_five_years,incomplete,False,"Declaration-event linkage, price completeness and adjustment basis not verified"
PJAA,0,0,1,1,1,False,{},{},3,0,not_audited_for_full_five_years,incomplete,False,"Declaration-event linkage, price completeness and adjustment basis not verified"
PLIN,1,1,2,2,2,True,{},{},8,0,not_audited_for_full_five_years,incomplete,False,"Declaration-event linkage, price completeness and adjustment basis not verified"
PMJS,0,1,1,0,1,False,{},{},3,0,not_audited_for_full_five_years,incomplete,False,"Declaration-event linkage, price completeness and adjustment basis not verified"
PMMP,1,0,0,0,0,False,{},{},1,0,not_audited_for_full_five_years,incomplete,False,"Declaration-event linkage, price completeness and adjustment basis not verified"
PNBN,0,1,0,0,1,False,{},{},2,0,not_audited_for_full_five_years,incomplete,False,"Declaration-event linkage, price completeness and adjustment basis not verified"
PNGO,2,2,2,2,2,True,{},{},10,0,not_audited_for_full_five_years,incomplete,False,"Declaration-event linkage, price completeness and adjustment basis not verified"
PNLF,0,1,0,0,0,False,{},{},1,0,not_audited_for_full_five_years,incomplete,False,"Declaration-event linkage, price completeness and adjustment basis not verified"
PNSE,0,0,0,1,1,False,{},{},2,0,not_audited_for_full_five_years,incomplete,False,"Declaration-event linkage, price completeness and adjustment basis not verified"
POWR,2,2,2,2,2,True,{},{},10,0,not_audited_for_full_five_years,incomplete,False,"Declaration-event linkage, price completeness and adjustment basis not verified"
PPGL,0,3,2,3,3,False,{},{},11,0,not_audited_for_full_five_years,incomplete,False,"Declaration-event linkage, price completeness and adjustment basis not verified"
PPRE,1,1,0,0,0,False,{},{},2,0,not_audited_for_full_five_years,incomplete,False,"Declaration-event linkage, price completeness and adjustment basis not verified"
PPRI,0,0,0,0,1,False,{},{},1,0,not_audited_for_full_five_years,incomplete,False,"Declaration-event linkage, price completeness and adjustment basis not verified"
PRDA,1,1,1,1,1,True,{},{},5,0,not_audited_for_full_five_years,incomplete,False,"Declaration-event linkage, price completeness and adjustment basis not verified"
PSGO,0,0,0,1,1,False,{},{},2,0,not_audited_for_full_five_years,incomplete,False,"Declaration-event linkage, price completeness and adjustment basis not verified"
PSSI,1,1,1,2,1,True,{},{},6,0,not_audited_for_full_five_years,incomplete,False,"Declaration-event linkage, price completeness and adjustment basis not verified"
PTBA,1,1,1,1,1,True,{},{},5,0,not_audited_for_full_five_years,incomplete,False,"Declaration-event linkage, price completeness and adjustment basis not verified"
PTMP,0,0,0,1,0,False,{},{},1,0,not_audited_for_full_five_years,incomplete,False,"Declaration-event linkage, price completeness and adjustment basis not verified"
PTPS,0,0,1,1,3,False,{},{},5,0,not_audited_for_full_five_years,incomplete,False,"Declaration-event linkage, price completeness and adjustment basis not verified"
PTPW,0,0,1,0,1,False,{},{},2,0,not_audited_for_full_five_years,incomplete,False,"Declaration-event linkage, price completeness and adjustment basis not verified"
PTRO,1,0,1,1,1,False,{},{},4,0,not_audited_for_full_five_years,incomplete,False,"Declaration-event linkage, price completeness and adjustment basis not verified"
PTSN,0,0,1,1,1,False,{},{},3,0,not_audited_for_full_five_years,incomplete,False,"Declaration-event linkage, price completeness and adjustment basis not verified"
PUDP,0,0,1,1,0,False,{},{},2,0,not_audited_for_full_five_years,incomplete,False,"Declaration-event linkage, price completeness and adjustment basis not verified"
PURI,1,1,0,0,0,False,{},{},2,0,not_audited_for_full_five_years,incomplete,False,"Declaration-event linkage, price completeness and adjustment basis not verified"
PWON,0,1,1,1,1,False,{},{},4,0,not_audited_for_full_five_years,incomplete,False,"Declaration-event linkage, price completeness and adjustment basis not verified"
PZZA,1,1,0,0,0,False,{},{},2,0,not_audited_for_full_five_years,incomplete,False,"Declaration-event linkage, price completeness and adjustment basis not verified"
RAAM,0,0,0,1,0,False,{},{},1,0,not_audited_for_full_five_years,incomplete,False,"Declaration-event linkage, price completeness and adjustment basis not verified"
RAFI,0,0,0,1,0,False,{},{},1,0,not_audited_for_full_five_years,incomplete,False,"Declaration-event linkage, price completeness and adjustment basis not verified"
RAJA,1,1,1,1,1,True,{},{},5,0,not_audited_for_full_five_years,incomplete,False,"Declaration-event linkage, price completeness and adjustment basis not verified"
RALS,0,1,1,1,1,False,{},{},4,0,not_audited_for_full_five_years,incomplete,False,"Declaration-event linkage, price completeness and adjustment basis not verified"
RANC,1,0,0,0,0,False,{},{},1,0,not_audited_for_full_five_years,incomplete,False,"Declaration-event linkage, price completeness and adjustment basis not verified"
RATU,0,0,0,0,1,False,{},{},1,0,not_audited_for_full_five_years,incomplete,False,"Declaration-event linkage, price completeness and adjustment basis not verified"
RDTX,1,1,3,2,1,True,{},{},8,0,not_audited_for_full_five_years,incomplete,False,"Declaration-event linkage, price completeness and adjustment basis not verified"
REAL,0,0,0,0,1,False,{},{},1,0,not_audited_for_full_five_years,incomplete,False,"Declaration-event linkage, price completeness and adjustment basis not verified"
RELF,0,0,1,2,1,False,{},{},4,0,not_audited_for_full_five_years,incomplete,False,"Declaration-event linkage, price completeness and adjustment basis not verified"
RELI,0,1,0,1,0,False,{},{},2,0,not_audited_for_full_five_years,incomplete,False,"Declaration-event linkage, price completeness and adjustment basis not verified"
RMKE,0,0,1,1,1,False,{},{},3,0,not_audited_for_full_five_years,incomplete,False,"Declaration-event linkage, price completeness and adjustment basis not verified"
ROTI,1,1,1,1,1,True,{},{},5,0,not_audited_for_full_five_years,incomplete,False,"Declaration-event linkage, price completeness and adjustment basis not verified"
RSGK,0,1,2,1,0,False,{},{},4,0,not_audited_for_full_five_years,incomplete,False,"Declaration-event linkage, price completeness and adjustment basis not verified"
RUIS,1,1,1,0,0,False,{},{},3,0,not_audited_for_full_five_years,incomplete,False,"Declaration-event linkage, price completeness and adjustment basis not verified"
RUNS,0,0,1,0,0,False,{},{},1,0,not_audited_for_full_five_years,incomplete,False,"Declaration-event linkage, price completeness and adjustment basis not verified"
SAMF,1,1,1,1,1,True,{},{},5,0,not_audited_for_full_five_years,incomplete,False,"Declaration-event linkage, price completeness and adjustment basis not verified"
SAPX,1,0,0,0,0,False,{},{},1,0,not_audited_for_full_five_years,incomplete,False,"Declaration-event linkage, price completeness and adjustment basis not verified"
SBMA,0,0,1,1,1,False,{},{},3,0,not_audited_for_full_five_years,incomplete,False,"Declaration-event linkage, price completeness and adjustment basis not verified"
SCCO,1,1,1,1,1,True,{},{},5,0,not_audited_for_full_five_years,incomplete,False,"Declaration-event linkage, price completeness and adjustment basis not verified"
SCMA,0,1,1,2,2,False,{},{},6,0,not_audited_for_full_five_years,incomplete,False,"Declaration-event linkage, price completeness and adjustment basis not verified"
SCNP,0,0,0,1,1,False,{},{},2,0,not_audited_for_full_five_years,incomplete,False,"Declaration-event linkage, price completeness and adjustment basis not verified"
SCPI,0,1,2,0,0,False,{},{},3,0,not_audited_for_full_five_years,incomplete,False,"Declaration-event linkage, price completeness and adjustment basis not verified"
SDPC,1,1,1,1,1,True,{},{},5,0,not_audited_for_full_five_years,incomplete,False,"Declaration-event linkage, price completeness and adjustment basis not verified"
SDRA,1,1,1,2,1,True,{},{},6,0,not_audited_for_full_five_years,incomplete,False,"Declaration-event linkage, price completeness and adjustment basis not verified"
SEMA,0,1,0,0,0,False,{},{},1,0,not_audited_for_full_five_years,incomplete,False,"Declaration-event linkage, price completeness and adjustment basis not verified"
SGER,2,1,2,1,1,True,{},{},7,0,not_audited_for_full_five_years,incomplete,False,"Declaration-event linkage, price completeness and adjustment basis not verified"
SGRO,0,2,1,1,1,False,{},{},5,0,not_audited_for_full_five_years,incomplete,False,"Declaration-event linkage, price completeness and adjustment basis not verified"
SHIP,1,1,1,1,1,True,{},{},5,0,not_audited_for_full_five_years,incomplete,False,"Declaration-event linkage, price completeness and adjustment basis not verified"
SICO,0,2,2,2,2,False,{},{},8,0,not_audited_for_full_five_years,incomplete,False,"Declaration-event linkage, price completeness and adjustment basis not verified"
SIDO,2,2,2,2,2,True,{},{},10,0,not_audited_for_full_five_years,incomplete,False,"Declaration-event linkage, price completeness and adjustment basis not verified"
SILO,1,1,1,1,0,False,{},{},4,0,not_audited_for_full_five_years,incomplete,False,"Declaration-event linkage, price completeness and adjustment basis not verified"
SIMP,1,1,1,1,1,True,{},{},5,0,not_audited_for_full_five_years,incomplete,False,"Declaration-event linkage, price completeness and adjustment basis not verified"
SKBM,1,1,1,0,0,False,{},{},3,0,not_audited_for_full_five_years,incomplete,False,"Declaration-event linkage, price completeness and adjustment basis not verified"
SKLT,1,1,1,1,1,True,{},{},5,0,not_audited_for_full_five_years,incomplete,False,"Declaration-event linkage, price completeness and adjustment basis not verified"
SKRN,1,2,2,2,1,True,{},{},8,0,not_audited_for_full_five_years,incomplete,False,"Declaration-event linkage, price completeness and adjustment basis not verified"
SMAR,2,2,1,2,1,True,{},{},8,0,not_audited_for_full_five_years,incomplete,False,"Declaration-event linkage, price completeness and adjustment basis not verified"
SMBR,0,0,1,1,1,False,{},{},3,0,not_audited_for_full_five_years,incomplete,False,"Declaration-event linkage, price completeness and adjustment basis not verified"
SMCB,1,1,1,1,1,True,{},{},5,0,not_audited_for_full_five_years,incomplete,False,"Declaration-event linkage, price completeness and adjustment basis not verified"
SMDR,1,2,2,2,2,True,{},{},9,0,not_audited_for_full_five_years,incomplete,False,"Declaration-event linkage, price completeness and adjustment basis not verified"
SMGR,1,1,1,1,1,True,{},{},5,0,not_audited_for_full_five_years,incomplete,False,"Declaration-event linkage, price completeness and adjustment basis not verified"
SMIL,0,0,0,1,1,False,{},{},2,0,not_audited_for_full_five_years,incomplete,False,"Declaration-event linkage, price completeness and adjustment basis not verified"
SMKL,1,1,1,1,1,True,{},{},5,0,not_audited_for_full_five_years,incomplete,False,"Declaration-event linkage, price completeness and adjustment basis not verified"
SMKM,0,0,1,1,0,False,{},{},2,0,not_audited_for_full_five_years,incomplete,False,"Declaration-event linkage, price completeness and adjustment basis not verified"
SMMT,0,2,2,0,0,False,{},{},4,0,not_audited_for_full_five_years,incomplete,False,"Declaration-event linkage, price completeness and adjustment basis not verified"
SMRA,0,1,1,1,1,False,{},{},4,0,not_audited_for_full_five_years,incomplete,False,"Declaration-event linkage, price completeness and adjustment basis not verified"
SMSM,4,4,4,4,4,True,{},{},20,0,not_audited_for_full_five_years,incomplete,False,"Declaration-event linkage, price completeness and adjustment basis not verified"
SOCI,0,0,0,0,1,False,{},{},1,0,not_audited_for_full_five_years,incomplete,False,"Declaration-event linkage, price completeness and adjustment basis not verified"
SOHO,2,1,2,1,1,True,{},{},7,0,not_audited_for_full_five_years,incomplete,False,"Declaration-event linkage, price completeness and adjustment basis not verified"
SOLA,0,0,0,0,1,False,{},{},1,0,not_audited_for_full_five_years,incomplete,False,"Declaration-event linkage, price completeness and adjustment basis not verified"
SOSS,0,0,0,1,1,False,{},{},2,0,not_audited_for_full_five_years,incomplete,False,"Declaration-event linkage, price completeness and adjustment basis not verified"
SOUL,0,0,1,0,0,False,{},{},1,0,not_audited_for_full_five_years,incomplete,False,"Declaration-event linkage, price completeness and adjustment basis not verified"
SPMA,1,0,0,1,0,False,{},{},2,0,not_audited_for_full_five_years,incomplete,False,"Declaration-event linkage, price completeness and adjustment basis not verified"
SPTO,2,2,2,2,2,True,{},{},10,0,not_audited_for_full_five_years,incomplete,False,"Declaration-event linkage, price completeness and adjustment basis not verified"
SRSN,1,0,1,1,1,False,{},{},4,0,not_audited_for_full_five_years,incomplete,False,"Declaration-event linkage, price completeness and adjustment basis not verified"
SRTG,1,1,1,1,1,True,{},{},5,0,not_audited_for_full_five_years,incomplete,False,"Declaration-event linkage, price completeness and adjustment basis not verified"
SSIA,0,0,0,1,1,False,{},{},2,0,not_audited_for_full_five_years,incomplete,False,"Declaration-event linkage, price completeness and adjustment basis not verified"
SSMS,1,2,1,0,1,False,{},{},5,0,not_audited_for_full_five_years,incomplete,False,"Declaration-event linkage, price completeness and adjustment basis not verified"
STAA,0,1,1,1,1,False,{},{},4,0,not_audited_for_full_five_years,incomplete,False,"Declaration-event linkage, price completeness and adjustment basis not verified"
SUNI,0,0,1,1,1,False,{},{},3,0,not_audited_for_full_five_years,incomplete,False,"Declaration-event linkage, price completeness and adjustment basis not verified"
SWID,0,0,1,1,1,False,{},{},3,0,not_audited_for_full_five_years,incomplete,False,"Declaration-event linkage, price completeness and adjustment basis not verified"
TALF,0,0,1,1,1,False,{},{},3,0,not_audited_for_full_five_years,incomplete,False,"Declaration-event linkage, price completeness and adjustment basis not verified"
TAPG,1,1,1,2,3,True,{},{},8,0,not_audited_for_full_five_years,incomplete,False,"Declaration-event linkage, price completeness and adjustment basis not verified"
TBIG,1,1,2,2,1,True,{},{},7,0,not_audited_for_full_five_years,incomplete,False,"Declaration-event linkage, price completeness and adjustment basis not verified"
TBLA,1,2,1,2,1,True,{},{},7,0,not_audited_for_full_five_years,incomplete,False,"Declaration-event linkage, price completeness and adjustment basis not verified"
TBMS,1,1,1,1,1,True,{},{},5,0,not_audited_for_full_five_years,incomplete,False,"Declaration-event linkage, price completeness and adjustment basis not verified"
TCID,0,0,1,1,0,False,{},{},2,0,not_audited_for_full_five_years,incomplete,False,"Declaration-event linkage, price completeness and adjustment basis not verified"
TCPI,0,1,1,1,1,False,{},{},4,0,not_audited_for_full_five_years,incomplete,False,"Declaration-event linkage, price completeness and adjustment basis not verified"
TEBE,1,2,3,4,0,False,{},{},10,0,not_audited_for_full_five_years,incomplete,False,"Declaration-event linkage, price completeness and adjustment basis not verified"
TGKA,2,1,2,1,2,True,{},{},8,0,not_audited_for_full_five_years,incomplete,False,"Declaration-event linkage, price completeness and adjustment basis not verified"
TIFA,0,0,0,0,1,False,{},{},1,0,not_audited_for_full_five_years,incomplete,False,"Declaration-event linkage, price completeness and adjustment basis not verified"
TINS,0,1,1,0,1,False,{},{},3,0,not_audited_for_full_five_years,incomplete,False,"Declaration-event linkage, price completeness and adjustment basis not verified"
TKIM,1,1,1,1,1,True,{},{},5,0,not_audited_for_full_five_years,incomplete,False,"Declaration-event linkage, price completeness and adjustment basis not verified"
TLDN,0,1,1,1,2,False,{},{},5,0,not_audited_for_full_five_years,incomplete,False,"Declaration-event linkage, price completeness and adjustment basis not verified"
TLKM,1,1,1,1,1,True,{},{},5,0,not_audited_for_full_five_years,incomplete,False,"Declaration-event linkage, price completeness and adjustment basis not verified"
TMAS,1,3,1,1,1,True,{},{},7,0,not_audited_for_full_five_years,incomplete,False,"Declaration-event linkage, price completeness and adjustment basis not verified"
TOBA,0,0,1,0,1,False,{},{},2,0,not_audited_for_full_five_years,incomplete,False,"Declaration-event linkage, price completeness and adjustment basis not verified"
TOOL,0,0,0,0,1,False,{},{},1,0,not_audited_for_full_five_years,incomplete,False,"Declaration-event linkage, price completeness and adjustment basis not verified"
TOSK,0,0,0,0,1,False,{},{},1,0,not_audited_for_full_five_years,incomplete,False,"Declaration-event linkage, price completeness and adjustment basis not verified"
TOTL,1,1,1,1,1,True,{},{},5,0,not_audited_for_full_five_years,incomplete,False,"Declaration-event linkage, price completeness and adjustment basis not verified"
TOTO,2,2,2,2,2,True,{},{},10,0,not_audited_for_full_five_years,incomplete,False,"Declaration-event linkage, price completeness and adjustment basis not verified"
TOWR,2,2,2,1,3,True,{},{},10,0,not_audited_for_full_five_years,incomplete,False,"Declaration-event linkage, price completeness and adjustment basis not verified"
TPIA,2,1,1,1,2,True,{},{},7,0,not_audited_for_full_five_years,incomplete,False,"Declaration-event linkage, price completeness and adjustment basis not verified"
TPMA,1,1,2,1,1,True,{},{},6,0,not_audited_for_full_five_years,incomplete,False,"Declaration-event linkage, price completeness and adjustment basis not verified"
TRGU,0,0,1,0,0,False,{},{},1,0,not_audited_for_full_five_years,incomplete,False,"Declaration-event linkage, price completeness and adjustment basis not verified"
TRIS,1,1,2,2,2,True,{},{},8,0,not_audited_for_full_five_years,incomplete,False,"Declaration-event linkage, price completeness and adjustment basis not verified"
TRJA,1,1,1,0,0,False,{},{},3,0,not_audited_for_full_five_years,incomplete,False,"Declaration-event linkage, price completeness and adjustment basis not verified"
TRST,1,1,1,0,1,False,{},{},4,0,not_audited_for_full_five_years,incomplete,False,"Declaration-event linkage, price completeness and adjustment basis not verified"
TRUS,0,0,0,0,1,False,{},{},1,0,not_audited_for_full_five_years,incomplete,False,"Declaration-event linkage, price completeness and adjustment basis not verified"
TSPC,2,2,2,2,2,True,{},{},10,0,not_audited_for_full_five_years,incomplete,False,"Declaration-event linkage, price completeness and adjustment basis not verified"
TUGU,1,1,2,1,1,True,{},{},6,0,not_audited_for_full_five_years,incomplete,False,"Declaration-event linkage, price completeness and adjustment basis not verified"
TURI,2,1,0,0,0,False,{},{},3,0,not_audited_for_full_five_years,incomplete,False,"Declaration-event linkage, price completeness and adjustment basis not verified"
TYRE,0,0,0,1,0,False,{},{},1,0,not_audited_for_full_five_years,incomplete,False,"Declaration-event linkage, price completeness and adjustment basis not verified"
UANG,0,0,0,1,0,False,{},{},1,0,not_audited_for_full_five_years,incomplete,False,"Declaration-event linkage, price completeness and adjustment basis not verified"
UCID,1,1,1,1,1,True,{},{},5,0,not_audited_for_full_five_years,incomplete,False,"Declaration-event linkage, price completeness and adjustment basis not verified"
UFOE,1,0,0,1,0,False,{},{},2,0,not_audited_for_full_five_years,incomplete,False,"Declaration-event linkage, price completeness and adjustment basis not verified"
ULTJ,1,1,1,1,1,True,{},{},5,0,not_audited_for_full_five_years,incomplete,False,"Declaration-event linkage, price completeness and adjustment basis not verified"
UNIC,1,2,1,1,2,True,{},{},7,0,not_audited_for_full_five_years,incomplete,False,"Declaration-event linkage, price completeness and adjustment basis not verified"
UNIQ,0,0,1,1,0,False,{},{},2,0,not_audited_for_full_five_years,incomplete,False,"Declaration-event linkage, price completeness and adjustment basis not verified"
UNTD,0,0,0,0,1,False,{},{},1,0,not_audited_for_full_five_years,incomplete,False,"Declaration-event linkage, price completeness and adjustment basis not verified"
UNTR,2,2,2,2,2,True,{},{},10,0,not_audited_for_full_five_years,incomplete,False,"Declaration-event linkage, price completeness and adjustment basis not verified"
UNVR,2,2,2,2,2,True,{},{},10,0,not_audited_for_full_five_years,incomplete,False,"Declaration-event linkage, price completeness and adjustment basis not verified"
UVCR,0,1,1,1,0,False,{},{},3,0,not_audited_for_full_five_years,incomplete,False,"Declaration-event linkage, price completeness and adjustment basis not verified"
VICI,2,1,2,2,2,True,{},{},9,0,not_audited_for_full_five_years,incomplete,False,"Declaration-event linkage, price completeness and adjustment basis not verified"
VINS,1,1,1,0,0,False,{},{},3,0,not_audited_for_full_five_years,incomplete,False,"Declaration-event linkage, price completeness and adjustment basis not verified"
VISI,0,0,0,1,1,False,{},{},2,0,not_audited_for_full_five_years,incomplete,False,"Declaration-event linkage, price completeness and adjustment basis not verified"
WEGE,1,1,1,1,1,True,{},{},5,0,not_audited_for_full_five_years,incomplete,False,"Declaration-event linkage, price completeness and adjustment basis not verified"
WEHA,0,0,0,1,1,False,{},{},2,0,not_audited_for_full_five_years,incomplete,False,"Declaration-event linkage, price completeness and adjustment basis not verified"
WGSH,0,1,1,1,1,False,{},{},4,0,not_audited_for_full_five_years,incomplete,False,"Declaration-event linkage, price completeness and adjustment basis not verified"
WIFI,0,0,0,1,1,False,{},{},2,0,not_audited_for_full_five_years,incomplete,False,"Declaration-event linkage, price completeness and adjustment basis not verified"
WIIM,1,1,1,1,1,True,{},{},5,0,not_audited_for_full_five_years,incomplete,False,"Declaration-event linkage, price completeness and adjustment basis not verified"
WINE,0,0,1,1,1,False,{},{},3,0,not_audited_for_full_five_years,incomplete,False,"Declaration-event linkage, price completeness and adjustment basis not verified"
WINS,0,0,0,1,2,False,{},{},3,0,not_audited_for_full_five_years,incomplete,False,"Declaration-event linkage, price completeness and adjustment basis not verified"
WMUU,0,1,0,0,0,False,{},{},1,0,not_audited_for_full_five_years,incomplete,False,"Declaration-event linkage, price completeness and adjustment basis not verified"
WOMF,0,1,1,1,1,False,{},{},4,0,not_audited_for_full_five_years,incomplete,False,"Declaration-event linkage, price completeness and adjustment basis not verified"
WOOD,1,1,0,0,0,False,{},{},2,0,not_audited_for_full_five_years,incomplete,False,"Declaration-event linkage, price completeness and adjustment basis not verified"
WTON,1,1,1,1,1,True,{},{},5,0,not_audited_for_full_five_years,incomplete,False,"Declaration-event linkage, price completeness and adjustment basis not verified"
YULE,0,0,0,0,1,False,{},{},1,0,not_audited_for_full_five_years,incomplete,False,"Declaration-event linkage, price completeness and adjustment basis not verified"
YUPI,0,0,0,0,2,False,{},{},2,0,not_audited_for_full_five_years,incomplete,False,"Declaration-event linkage, price completeness and adjustment basis not verified"
ZATA,0,0,0,0,1,False,{},{},1,0,not_audited_for_full_five_years,incomplete,False,"Declaration-event linkage, price completeness and adjustment basis not verified"
ZONE,0,1,1,1,0,False,{},{},3,0,not_audited_for_full_five_years,incomplete,False,"Declaration-event linkage, price completeness and adjustment basis not verified"
ZYRX,0,1,1,1,1,False,{},{},4,0,not_audited_for_full_five_years,incomplete,False,"Declaration-event linkage, price completeness and adjustment basis not verified"
