id,symbol,ex_date,cum_date,payment_date,dps,eligible,entry_date,entry_price,complete,observed_sessions,gross_return_pct,price_bep_session,total_bep_session,reasons,sources
BBCA:2022-03-28,BBCA,2022-03-28,2022-03-25,2022-04-19,120,True,2022-03-18,7900,True,20,4.367088607594937,0,0,[],"['actions-BBCA.json', 'calendar-2022-01-01.json', 'prices-BBCA-2022-03-28.json']"
BBCA:2022-12-02,BBCA,2022-12-02,2022-12-01,2022-12-20,35,True,2022-11-24,9000,True,20,-4.611111111111111,,,[],"['actions-BBCA.json', 'calendar-2022-09-28.json', 'prices-BBCA-2022-12-02.json']"
BBCA:2023-03-29,BBCA,2023-03-29,2023-03-28,2023-04-14,170,True,2023-03-17,8375,True,20,9.492537313432836,0,0,[],"['actions-BBCA.json', 'calendar-2023-03-27.json', 'prices-BBCA-2023-03-29.json']"
BBCA:2023-12-04,BBCA,2023-12-04,2023-12-01,2023-12-20,42.5,True,2023-11-24,8925,True,20,6.638655462184874,0,0,[],"['actions-BBCA.json', 'calendar-2023-09-23.json', 'prices-BBCA-2023-12-04.json']"
BBCA:2024-03-25,BBCA,2024-03-25,2024-03-22,2024-04-04,227.5,True,2024-03-15,10150,True,20,-3.6699507389162562,,0,[],"['actions-BBCA.json', 'calendar-2024-03-21.json', 'prices-BBCA-2024-03-25.json']"
BBCA:2024-11-21,BBCA,2024-11-21,2024-11-20,2024-12-11,50,True,2024-11-13,10150,True,20,-4.433497536945813,2,2,[],"['actions-BBCA.json', 'calendar-2024-09-17.json', 'prices-BBCA-2024-11-21.json']"
BBCA:2025-03-21,BBCA,2025-03-21,2025-03-20,2025-04-11,250,True,2025-03-13,8975,True,20,1.1142061281337048,,15,[],"['actions-BBCA.json', 'calendar-2025-03-16.json', 'prices-BBCA-2025-03-21.json']"
BBCA:2025-12-03,BBCA,2025-12-03,2025-12-02,2025-12-22,55,True,2025-11-25,8500,True,20,-3.176470588235294,,,[],"['actions-BBCA.json', 'calendar-2025-09-12.json', 'prices-BBCA-2025-12-03.json']"
BBRI:2022-03-11,BBRI,2022-03-11,2022-03-10,2022-04-01,174.251,True,2022-03-02,4560,True,20,4.917785087719298,2,0,[],"['actions-BBRI.json', 'calendar-2022-01-01.json', 'prices-BBRI-2022-03-11.json']"
BBRI:2023-01-10,BBRI,2023-01-10,2023-01-09,2023-01-27,57,True,2023-01-02,4870,True,20,-0.4722792607802875,,,[],"['actions-BBRI.json', 'calendar-2022-12-27.json', 'prices-BBRI-2023-01-10.json']"
BBRI:2023-03-24,BBRI,2023-03-24,2023-03-21,2023-04-12,231.221,True,2023-03-14,4710,True,20,14.250976645435244,0,0,[],"['actions-BBRI.json', 'calendar-2022-12-27.json', 'prices-BBRI-2023-03-24.json']"
BBRI:2024-01-02,BBRI,2024-01-02,2023-12-29,2024-01-18,84,True,2023-12-20,5550,True,20,2.864864864864865,0,0,[],"['actions-BBRI.json', 'calendar-2023-12-22.json', 'prices-BBRI-2024-01-02.json']"
BBRI:2024-03-14,BBRI,2024-03-14,2024-03-13,2024-03-28,235,True,2024-03-04,6050,True,20,-8.512396694214877,0,0,[],"['actions-BBRI.json', 'calendar-2023-12-22.json', 'prices-BBRI-2024-03-14.json']"
BBRI:2024-12-27,BBRI,2024-12-27,2024-12-24,2025-01-15,135,True,2024-12-17,4150,True,20,4.9397590361445785,2,0,[],"['actions-BBRI.json', 'calendar-2024-12-16.json', 'prices-BBRI-2024-12-27.json']"
BBRI:2025-04-11,BBRI,2025-04-11,2025-04-10,2025-04-23,208.4,True,2025-03-25,3800,True,20,17.852631578947367,10,0,[],"['actions-BBRI.json', 'calendar-2025-03-16.json', 'prices-BBRI-2025-04-11.json']"
BBRI:2025-12-30,BBRI,2025-12-30,2025-12-29,2026-01-15,137,True,2025-12-18,3780,True,20,4.417989417989418,10,0,[],"['actions-BBRI.json', 'calendar-2025-12-11.json', 'prices-BBRI-2025-12-30.json']"
BMRI:2022-03-21,BMRI,2022-03-21,2022-03-18,2022-04-06,180.318,False,,,,,,,,['Event sebelum split; kesetaraan basis DPS/OHLC belum terverifikasi'],"['actions-BMRI.json', 'calendar-2022-01-01.json', 'prices-BMRI-2022-03-21.json']"
BMRI:2023-03-27,BMRI,2023-03-27,2023-03-24,2023-04-12,264.668,False,,,,,,,,['Event sebelum split; kesetaraan basis DPS/OHLC belum terverifikasi'],"['actions-BMRI.json', 'calendar-2023-03-27.json', 'prices-BMRI-2023-03-27.json']"
BMRI:2024-03-20,BMRI,2024-03-20,2024-03-19,2024-03-28,353.958,True,2024-03-08,7125,True,20,-0.29532631578947366,3,0,[],"['actions-BMRI.json', 'calendar-2023-12-22.json', 'prices-BMRI-2024-03-20.json']"
BMRI:2025-04-14,BMRI,2025-04-14,2025-04-11,2025-04-23,466.184,True,2025-03-26,5150,True,20,15.362796116504855,19,0,[],"['actions-BMRI.json', 'calendar-2025-03-16.json', 'prices-BMRI-2025-04-14.json']"
BBNI:2022-03-24,BBNI,2022-03-24,2022-03-23,2022-04-14,73.1484,False,,,,,,,,['Event sebelum split; kesetaraan basis DPS/OHLC belum terverifikasi'],"['actions-BBNI.json', 'calendar-2022-01-01.json', 'prices-BBNI-2022-03-24.json']"
BBNI:2023-03-28,BBNI,2023-03-28,2023-03-27,2023-04-14,196.39,False,,,,,,,,['Event sebelum split; kesetaraan basis DPS/OHLC belum terverifikasi'],"['actions-BBNI.json', 'calendar-2023-03-27.json', 'prices-BBNI-2023-03-28.json']"
BBNI:2024-03-15,BBNI,2024-03-15,2024-03-14,2024-04-02,280.495,True,2024-03-05,5900,True,20,-6.262796610169492,6,0,[],"['actions-BBNI.json', 'calendar-2023-12-22.json', 'prices-BBNI-2024-03-15.json']"
BBNI:2025-04-15,BBNI,2025-04-15,2025-04-14,2025-04-25,374.057,True,2025-03-27,4240,True,20,14.010778301886793,0,0,[],"['actions-BBNI.json', 'calendar-2025-03-16.json', 'prices-BBNI-2025-04-15.json']"
DMAS:2022-06-15,DMAS,2022-06-15,2022-06-14,2022-06-30,2.5,True,2022-06-07,178,True,20,-8.707865168539326,,,[],"['actions-DMAS.json', 'calendar-2022-04-01.json', 'prices-DMAS-2022-06-15.json']"
DMAS:2022-11-08,DMAS,2022-11-08,2022-11-07,2022-11-25,15,True,2022-10-31,182,True,20,-4.395604395604396,,0,[],"['actions-DMAS.json', 'calendar-2022-09-28.json', 'prices-DMAS-2022-11-08.json']"
DMAS:2023-07-03,DMAS,2023-07-03,2023-06-27,2023-07-14,10,True,2023-06-20,173,True,20,4.624277456647399,,0,[],"['actions-DMAS.json', 'calendar-2023-06-25.json', 'prices-DMAS-2023-07-03.json']"
DMAS:2023-12-11,DMAS,2023-12-11,2023-12-08,2023-12-28,12,True,2023-12-01,174,True,20,0.0,,0,[],"['actions-DMAS.json', 'calendar-2023-09-23.json', 'prices-DMAS-2023-12-11.json']"
DMAS:2025-05-08,DMAS,2025-05-08,2025-05-07,2025-05-20,29,True,2025-04-29,176,True,20,-3.409090909090909,,0,[],"['actions-DMAS.json', 'calendar-2025-03-16.json', 'prices-DMAS-2025-05-08.json']"
LPPF:2022-04-14,LPPF,2022-04-14,2022-04-13,2022-04-28,250,True,2022-04-06,6025,True,20,-0.4149377593360996,,1,[],"['actions-LPPF.json', 'calendar-2022-04-01.json', 'prices-LPPF-2022-04-14.json']"
LPPF:2023-04-10,LPPF,2023-04-10,2023-04-06,2023-04-17,525,True,2023-03-30,4940,True,20,-7.793522267206478,,0,[],"['actions-LPPF.json', 'calendar-2023-03-27.json', 'prices-LPPF-2023-04-10.json']"
LPPF:2024-04-22,LPPF,2024-04-22,2024-04-19,2024-04-29,200,True,2024-04-04,1825,True,20,-3.835616438356164,,18,[],"['actions-LPPF.json', 'calendar-2024-03-21.json', 'prices-LPPF-2024-04-22.json']"
LPPF:2025-04-22,LPPF,2025-04-22,2025-04-21,2025-04-29,300,True,2025-04-11,2010,True,20,5.472636815920398,,5,[],"['actions-LPPF.json', 'calendar-2025-03-16.json', 'prices-LPPF-2025-04-22.json']"
ADRO:2022-05-17,ADRO,2022-05-17,2022-05-13,2022-06-08,141.39,True,2022-04-28,3340,True,20,-4.15,11,0,[],"['actions-ADRO.json', 'calendar-2022-04-01.json', 'prices-ADRO-2022-05-17.json']"
ADRO:2023-01-02,ADRO,2023-01-02,2022-12-30,2023-01-13,251.28,True,2022-12-23,3810,True,20,-15.714435695538057,,0,[],"['actions-ADRO.json', 'calendar-2022-12-27.json', 'prices-ADRO-2023-01-02.json']"
ADRO:2023-05-23,ADRO,2023-05-23,2023-05-22,2023-06-06,240.78,True,2023-05-12,2760,True,20,-9.392028985507247,,,[],"['actions-ADRO.json', 'calendar-2023-03-27.json', 'prices-ADRO-2023-05-23.json']"
ADRO:2023-12-29,ADRO,2023-12-29,2023-12-28,2024-01-12,199.98,True,2023-12-19,2600,True,20,-0.0007692307692307692,,1,[],"['actions-ADRO.json', 'calendar-2023-12-22.json', 'prices-ADRO-2023-12-29.json']"
ADRO:2024-05-28,ADRO,2024-05-28,2024-05-27,2024-06-05,209.31,True,2024-05-16,2880,True,20,2.7538194444444444,4,0,[],"['actions-ADRO.json', 'calendar-2024-03-21.json', 'prices-ADRO-2024-05-28.json']"
ADRO:2024-11-28,ADRO,2024-11-28,2024-11-26,2024-12-06,1358.18,True,2024-11-19,3710,False,19,,,0,[],"['actions-ADRO.json', 'calendar-2024-09-17.json', 'prices-ADRO-2024-11-28.json']"
ADRO:2024-12-30,ADRO,2024-12-30,2024-12-27,2025-01-15,106.84,True,2024-12-18,2590,True,20,-6.685714285714286,,1,[],"['actions-ADRO.json', 'calendar-2024-12-16.json', 'prices-ADRO-2024-12-30.json']"
ADRO:2025-06-13,ADRO,2025-06-13,2025-06-12,2025-06-26,166.69,True,2025-06-03,2100,True,20,-5.157619047619048,,0,[],"['actions-ADRO.json', 'calendar-2025-03-16.json', 'prices-ADRO-2025-06-13.json']"
ADRO:2025-12-30,ADRO,2025-12-30,2025-12-29,2026-01-15,145.14,True,2025-12-18,1900,True,20,23.954736842105262,4,0,[],"['actions-ADRO.json', 'calendar-2025-12-11.json', 'prices-ADRO-2025-12-30.json']"
CFIN:2023-07-06,CFIN,2023-07-06,2023-07-05,2023-07-25,100,True,2023-06-23,525,True,20,47.61904761904762,1,0,[],"['actions-CFIN.json', 'calendar-2023-06-25.json', 'prices-CFIN-2023-07-06.json']"
CFIN:2025-06-11,CFIN,2025-06-11,2025-06-10,2025-06-26,50,True,2025-05-28,366,True,20,0.546448087431694,,0,[],"['actions-CFIN.json', 'calendar-2025-03-16.json', 'prices-CFIN-2025-06-11.json']"
RALS:2022-06-02,RALS,2022-06-02,2022-05-31,2022-06-23,30,True,2022-05-23,675,True,20,-8.88888888888889,,,[],"['actions-RALS.json', 'calendar-2022-04-01.json', 'prices-RALS-2022-06-02.json']"
RALS:2023-06-06,RALS,2023-06-06,2023-06-05,2023-06-23,50,True,2023-05-25,625,True,20,1.6,,2,[],"['actions-RALS.json', 'calendar-2023-03-27.json', 'prices-RALS-2023-06-06.json']"
RALS:2024-05-30,RALS,2024-05-30,2024-05-29,2024-06-20,50,True,2024-05-20,472,True,20,2.1186440677966103,,0,[],"['actions-RALS.json', 'calendar-2024-03-21.json', 'prices-RALS-2024-05-30.json']"
RALS:2025-05-22,RALS,2025-05-22,2025-05-21,2025-06-13,60,True,2025-05-14,448,True,20,1.3392857142857142,,0,[],"['actions-RALS.json', 'calendar-2025-03-16.json', 'prices-RALS-2025-05-22.json']"
