ex_date,origin,date,offset,actual_close,empirical_median,empirical_p10,empirical_p90,flat_price,price_minus_dividend
2025-03-21,2025-03-20,2025-03-21,0,7900.0,8336.966594638277,8255.373718481573,8424.973517704797,8375.0,8125.0
2025-03-21,2025-03-20,2025-03-24,1,7950.0,8298.933189276553,8197.213996259352,8426.676142037837,8375.0,8125.0
2025-03-21,2025-03-20,2025-03-25,2,8050.0,8325.130184008967,8153.603157976412,8473.859030377946,8375.0,8125.0
2025-03-21,2025-03-20,2025-03-26,3,8525.0,8354.192257598577,8060.612585350715,8448.506855708407,8375.0,8125.0
2025-03-21,2025-03-20,2025-03-27,4,8500.0,8268.256342011875,8038.710121012101,8412.828249980237,8375.0,8125.0
2025-03-21,2025-03-20,2025-04-08,5,7775.0,8265.74272993337,8083.681525450031,8388.692803294358,8375.0,8125.0
2025-03-21,2025-03-20,2025-04-09,6,7925.0,8143.16164895025,7997.019389438943,8384.866692041396,8375.0,8125.0
2025-03-21,2025-03-20,2025-04-10,7,8225.0,8166.003097951305,8106.750465549348,8508.437120455344,8375.0,8125.0
2025-03-21,2025-03-20,2025-04-11,8,8275.0,8316.44179754752,8086.504744224422,8520.504843798286,8375.0,8125.0
2025-03-21,2025-03-20,2025-04-14,9,8400.0,8416.310834548849,7883.233635863586,8612.275711203774,8375.0,8125.0
2025-03-21,2025-03-20,2025-04-15,10,8575.0,8277.371135839647,7950.491611661166,8612.646507172412,8375.0,8125.0
2025-03-21,2025-03-20,2025-04-16,11,8475.0,8431.744930127512,7953.025302530253,8672.243531949833,8375.0,8125.0
2025-03-21,2025-03-20,2025-04-17,12,8500.0,8431.744930127512,7918.12946919692,8707.705110041376,8375.0,8125.0
2025-03-21,2025-03-20,2025-04-21,13,8300.0,8410.399904327232,7912.831751925193,8767.672930787436,8375.0,8125.0
2025-03-21,2025-03-20,2025-04-22,14,8500.0,8305.97347041202,8021.780459295929,8803.876100816255,8375.0,8125.0
2025-03-21,2025-03-20,2025-04-23,15,8725.0,8323.252049332115,7971.1740041928715,8803.134508878979,8375.0,8125.0
2025-03-21,2025-03-20,2025-04-24,16,8475.0,8271.58164304585,8019.238076519916,8766.560542881523,8375.0,8125.0
2025-03-21,2025-03-20,2025-04-25,17,8600.0,8309.618544048682,7991.95200770077,8766.560542881523,8375.0,8125.0
2025-03-21,2025-03-20,2025-04-28,18,8775.0,8241.511492495176,8087.771589658966,8717.918853541127,8375.0,8125.0
2025-03-21,2025-03-20,2025-04-29,19,8725.0,8276.955289868609,8031.059936963147,8719.031241447039,8375.0,8125.0
2025-03-21,2025-03-20,2025-04-30,20,8825.0,8310.538022083158,7937.592821782177,8777.515878318549,8375.0,8125.0
2025-12-03,2025-12-02,2025-12-03,0,8300.0,8336.966594638277,8255.373718481573,8424.973517704797,8375.0,8320.0
2025-12-03,2025-12-02,2025-12-04,1,8225.0,8298.933189276553,8197.213996259352,8426.676142037837,8375.0,8320.0
2025-12-03,2025-12-02,2025-12-05,2,8300.0,8325.130184008967,8153.603157976412,8473.859030377946,8375.0,8320.0
2025-12-03,2025-12-02,2025-12-08,3,8300.0,8354.192257598577,8060.612585350715,8448.506855708407,8375.0,8320.0
2025-12-03,2025-12-02,2025-12-09,4,8100.0,8268.256342011875,8038.710121012101,8412.828249980237,8375.0,8320.0
2025-12-03,2025-12-02,2025-12-10,5,8075.0,8265.74272993337,8083.681525450031,8388.692803294358,8375.0,8320.0
2025-12-03,2025-12-02,2025-12-11,6,8000.0,8143.16164895025,7997.019389438943,8384.866692041396,8375.0,8320.0
2025-12-03,2025-12-02,2025-12-12,7,8000.0,8166.003097951305,8106.750465549348,8508.437120455344,8375.0,8320.0
2025-12-03,2025-12-02,2025-12-15,8,8300.0,8316.44179754752,8086.504744224422,8520.504843798286,8375.0,8320.0
2025-12-03,2025-12-02,2025-12-16,9,8075.0,8416.310834548849,7883.233635863586,8612.275711203774,8375.0,8320.0
2025-12-03,2025-12-02,2025-12-17,10,8025.0,8277.371135839647,7950.491611661166,8612.646507172412,8375.0,8320.0
2025-12-03,2025-12-02,2025-12-18,11,8175.0,8431.744930127512,7953.025302530253,8672.243531949833,8375.0,8320.0
2025-12-03,2025-12-02,2025-12-19,12,8050.0,8431.744930127512,7918.12946919692,8707.705110041376,8375.0,8320.0
2025-12-03,2025-12-02,2025-12-22,13,8175.0,8410.399904327232,7912.831751925193,8767.672930787436,8375.0,8320.0
2025-12-03,2025-12-02,2025-12-23,14,8025.0,8305.97347041202,8021.780459295929,8803.876100816255,8375.0,8320.0
2025-12-03,2025-12-02,2025-12-24,15,8025.0,8323.252049332115,7971.1740041928715,8803.134508878979,8375.0,8320.0
2025-12-03,2025-12-02,2025-12-29,16,8025.0,8271.58164304585,8019.238076519916,8766.560542881523,8375.0,8320.0
2025-12-03,2025-12-02,2025-12-30,17,8075.0,8309.618544048682,7991.95200770077,8766.560542881523,8375.0,8320.0
2025-12-03,2025-12-02,2026-01-02,18,8025.0,8241.511492495176,8087.771589658966,8717.918853541127,8375.0,8320.0
2025-12-03,2025-12-02,2026-01-05,19,8075.0,8276.955289868609,8031.059936963147,8719.031241447039,8375.0,8320.0
2025-12-03,2025-12-02,2026-01-06,20,8175.0,8310.538022083158,7937.592821782177,8777.515878318549,8375.0,8320.0
