ex_date,date,offset,close,relative_price,gross_relative_wealth
2022-03-28,2022-03-14,-10,8075.0,1.0157232704402517,1.0157232704402517
2022-03-28,2022-03-15,-9,8150.0,1.0251572327044025,1.0251572327044025
2022-03-28,2022-03-16,-8,8200.0,1.0314465408805031,1.0314465408805031
2022-03-28,2022-03-17,-7,8000.0,1.0062893081761006,1.0062893081761006
2022-03-28,2022-03-18,-6,7900.0,0.9937106918238994,0.9937106918238994
2022-03-28,2022-03-21,-5,7900.0,0.9937106918238994,0.9937106918238994
2022-03-28,2022-03-22,-4,7925.0,0.9968553459119497,0.9968553459119497
2022-03-28,2022-03-23,-3,7900.0,0.9937106918238994,0.9937106918238994
2022-03-28,2022-03-24,-2,7925.0,0.9968553459119497,0.9968553459119497
2022-03-28,2022-03-25,-1,7950.0,1.0,1.0
2022-03-28,2022-03-28,0,7900.0,0.9937106918238994,1.0088050314465409
2022-03-28,2022-03-29,1,7850.0,0.9874213836477987,1.0025157232704403
2022-03-28,2022-03-30,2,7875.0,0.9905660377358491,1.0056603773584907
2022-03-28,2022-03-31,3,7975.0,1.0031446540880504,1.018238993710692
2022-03-28,2022-04-01,4,7925.0,0.9968553459119497,1.0119496855345913
2022-03-28,2022-04-04,5,7900.0,0.9937106918238994,1.0088050314465409
2022-03-28,2022-04-05,6,7900.0,0.9937106918238994,1.0088050314465409
2022-03-28,2022-04-06,7,7750.0,0.9748427672955975,0.989937106918239
2022-03-28,2022-04-07,8,7750.0,0.9748427672955975,0.989937106918239
2022-03-28,2022-04-08,9,7850.0,0.9874213836477987,1.0025157232704403
2022-03-28,2022-04-11,10,7725.0,0.9716981132075472,0.9867924528301887
2022-03-28,2022-04-12,11,7800.0,0.9811320754716981,0.9962264150943396
2022-03-28,2022-04-13,12,7800.0,0.9811320754716981,0.9962264150943396
2022-03-28,2022-04-14,13,7700.0,0.9685534591194969,0.9836477987421384
2022-03-28,2022-04-18,14,7700.0,0.9685534591194969,0.9836477987421384
2022-03-28,2022-04-19,15,7625.0,0.9591194968553459,0.9742138364779874
2022-03-28,2022-04-20,16,7650.0,0.9622641509433962,0.9773584905660377
2022-03-28,2022-04-21,17,7925.0,0.9968553459119497,1.0119496855345913
2022-03-28,2022-04-22,18,7875.0,0.9905660377358491,1.0056603773584907
2022-03-28,2022-04-25,19,8000.0,1.0062893081761006,1.0213836477987421
2022-03-28,2022-04-26,20,8125.0,1.0220125786163523,1.0371069182389938
2022-12-02,2022-11-18,-10,8825.0,0.9805555555555555,0.9805555555555555
2022-12-02,2022-11-21,-9,8725.0,0.9694444444444444,0.9694444444444444
2022-12-02,2022-11-22,-8,8900.0,0.9888888888888889,0.9888888888888889
2022-12-02,2022-11-23,-7,8875.0,0.9861111111111112,0.9861111111111112
2022-12-02,2022-11-24,-6,9000.0,1.0,1.0
2022-12-02,2022-11-25,-5,8975.0,0.9972222222222222,0.9972222222222222
2022-12-02,2022-11-28,-4,9025.0,1.0027777777777778,1.0027777777777778
2022-12-02,2022-11-29,-3,8975.0,0.9972222222222222,0.9972222222222222
2022-12-02,2022-11-30,-2,9300.0,1.0333333333333334,1.0333333333333334
2022-12-02,2022-12-01,-1,9000.0,1.0,1.0
2022-12-02,2022-12-02,0,8900.0,0.9888888888888889,0.9927777777777778
2022-12-02,2022-12-05,1,8775.0,0.975,0.9788888888888889
2022-12-02,2022-12-06,2,8675.0,0.9638888888888889,0.9677777777777777
2022-12-02,2022-12-07,3,8450.0,0.9388888888888889,0.9427777777777778
2022-12-02,2022-12-08,4,8500.0,0.9444444444444444,0.9483333333333334
2022-12-02,2022-12-09,5,8575.0,0.9527777777777777,0.9566666666666667
2022-12-02,2022-12-12,6,8700.0,0.9666666666666667,0.9705555555555555
2022-12-02,2022-12-13,7,8700.0,0.9666666666666667,0.9705555555555555
2022-12-02,2022-12-14,8,8625.0,0.9583333333333334,0.9622222222222222
2022-12-02,2022-12-15,9,8500.0,0.9444444444444444,0.9483333333333334
2022-12-02,2022-12-16,10,8600.0,0.9555555555555556,0.9594444444444444
2022-12-02,2022-12-19,11,8650.0,0.9611111111111111,0.965
2022-12-02,2022-12-20,12,8575.0,0.9527777777777777,0.9566666666666667
2022-12-02,2022-12-21,13,8675.0,0.9638888888888889,0.9677777777777777
2022-12-02,2022-12-22,14,8575.0,0.9527777777777777,0.9566666666666667
2022-12-02,2022-12-23,15,8500.0,0.9444444444444444,0.9483333333333334
2022-12-02,2022-12-26,16,8575.0,0.9527777777777777,0.9566666666666667
2022-12-02,2022-12-27,17,8600.0,0.9555555555555556,0.9594444444444444
2022-12-02,2022-12-28,18,8650.0,0.9611111111111111,0.965
2022-12-02,2022-12-29,19,8575.0,0.9527777777777777,0.9566666666666667
2022-12-02,2022-12-30,20,8550.0,0.95,0.9538888888888889
2023-03-29,2023-03-13,-10,8550.0,0.9855907780979827,0.9855907780979827
2023-03-29,2023-03-14,-9,8325.0,0.9596541786743515,0.9596541786743515
2023-03-29,2023-03-15,-8,8325.0,0.9596541786743515,0.9596541786743515
2023-03-29,2023-03-16,-7,8300.0,0.9567723342939481,0.9567723342939481
2023-03-29,2023-03-17,-6,8375.0,0.9654178674351584,0.9654178674351584
2023-03-29,2023-03-20,-5,8400.0,0.968299711815562,0.968299711815562
2023-03-29,2023-03-21,-4,8500.0,0.9798270893371758,0.9798270893371758
2023-03-29,2023-03-24,-3,8825.0,1.0172910662824208,1.0172910662824208
2023-03-29,2023-03-27,-2,8700.0,1.0028818443804035,1.0028818443804035
2023-03-29,2023-03-28,-1,8675.0,1.0,1.0
2023-03-29,2023-03-29,0,8800.0,1.0144092219020173,1.0340057636887607
2023-03-29,2023-03-30,1,8825.0,1.0172910662824208,1.0368876080691642
2023-03-29,2023-03-31,2,8750.0,1.0086455331412103,1.028242074927954
2023-03-29,2023-04-03,3,8800.0,1.0144092219020173,1.0340057636887607
2023-03-29,2023-04-04,4,8775.0,1.0115273775216138,1.0311239193083575
2023-03-29,2023-04-05,5,8725.0,1.005763688760807,1.0253602305475504
2023-03-29,2023-04-06,6,8750.0,1.0086455331412103,1.028242074927954
2023-03-29,2023-04-10,7,8800.0,1.0144092219020173,1.0340057636887607
2023-03-29,2023-04-11,8,8825.0,1.0172910662824208,1.0368876080691642
2023-03-29,2023-04-12,9,8900.0,1.0259365994236311,1.0455331412103746
2023-03-29,2023-04-13,10,8925.0,1.0288184438040346,1.048414985590778
2023-03-29,2023-04-14,11,9000.0,1.037463976945245,1.0570605187319884
2023-03-29,2023-04-17,12,9025.0,1.0403458213256485,1.0599423631123919
2023-03-29,2023-04-18,13,9125.0,1.0518731988472623,1.0714697406340057
2023-03-29,2023-04-26,14,9200.0,1.0605187319884726,1.0801152737752162
2023-03-29,2023-04-27,15,9150.0,1.0547550432276658,1.0743515850144092
2023-03-29,2023-04-28,16,9050.0,1.043227665706052,1.0628242074927954
2023-03-29,2023-05-02,17,9050.0,1.043227665706052,1.0628242074927954
2023-03-29,2023-05-03,18,8925.0,1.0288184438040346,1.048414985590778
2023-03-29,2023-05-04,19,9000.0,1.037463976945245,1.0570605187319884
2023-03-29,2023-05-05,20,9000.0,1.037463976945245,1.0570605187319884
2023-12-04,2023-11-20,-10,8875.0,0.9916201117318436,0.9916201117318436
2023-12-04,2023-11-21,-9,8775.0,0.9804469273743017,0.9804469273743017
2023-12-04,2023-11-22,-8,8875.0,0.9916201117318436,0.9916201117318436
2023-12-04,2023-11-23,-7,8925.0,0.9972067039106145,0.9972067039106145
2023-12-04,2023-11-24,-6,8925.0,0.9972067039106145,0.9972067039106145
2023-12-04,2023-11-27,-5,8875.0,0.9916201117318436,0.9916201117318436
2023-12-04,2023-11-28,-4,8875.0,0.9916201117318436,0.9916201117318436
2023-12-04,2023-11-29,-3,8900.0,0.994413407821229,0.994413407821229
2023-12-04,2023-11-30,-2,8975.0,1.0027932960893855,1.0027932960893855
2023-12-04,2023-12-01,-1,8950.0,1.0,1.0
2023-12-04,2023-12-04,0,8925.0,0.9972067039106145,1.0019553072625698
2023-12-04,2023-12-05,1,8900.0,0.994413407821229,0.9991620111731844
2023-12-04,2023-12-06,2,8800.0,0.9832402234636871,0.9879888268156425
2023-12-04,2023-12-07,3,8825.0,0.9860335195530726,0.990782122905028
2023-12-04,2023-12-08,4,8750.0,0.9776536312849162,0.9824022346368715
2023-12-04,2023-12-11,5,8750.0,0.9776536312849162,0.9824022346368715
2023-12-04,2023-12-12,6,8700.0,0.9720670391061452,0.9768156424581006
2023-12-04,2023-12-13,7,8675.0,0.9692737430167597,0.9740223463687151
2023-12-04,2023-12-14,8,9050.0,1.011173184357542,1.0159217877094973
2023-12-04,2023-12-15,9,9225.0,1.0307262569832403,1.0354748603351955
2023-12-04,2023-12-18,10,9200.0,1.0279329608938548,1.03268156424581
2023-12-04,2023-12-19,11,9250.0,1.0335195530726258,1.038268156424581
2023-12-04,2023-12-20,12,9300.0,1.0391061452513966,1.043854748603352
2023-12-04,2023-12-21,13,9325.0,1.041899441340782,1.0466480446927375
2023-12-04,2023-12-22,14,9325.0,1.041899441340782,1.0466480446927375
2023-12-04,2023-12-27,15,9375.0,1.047486033519553,1.0522346368715083
2023-12-04,2023-12-28,16,9400.0,1.0502793296089385,1.0550279329608938
2023-12-04,2023-12-29,17,9400.0,1.0502793296089385,1.0550279329608938
2023-12-04,2024-01-02,18,9425.0,1.053072625698324,1.0578212290502793
2023-12-04,2024-01-03,19,9350.0,1.0446927374301676,1.0494413407821228
2023-12-04,2024-01-04,20,9475.0,1.058659217877095,1.0634078212290503
2024-03-25,2024-03-07,-10,10125.0,1.0024752475247525,1.0024752475247525
2024-03-25,2024-03-08,-9,10150.0,1.004950495049505,1.004950495049505
2024-03-25,2024-03-13,-8,10000.0,0.9900990099009901,0.9900990099009901
2024-03-25,2024-03-14,-7,10325.0,1.0222772277227723,1.0222772277227723
2024-03-25,2024-03-15,-6,10150.0,1.004950495049505,1.004950495049505
2024-03-25,2024-03-18,-5,10150.0,1.004950495049505,1.004950495049505
2024-03-25,2024-03-19,-4,10175.0,1.0074257425742574,1.0074257425742574
2024-03-25,2024-03-20,-3,10125.0,1.0024752475247525,1.0024752475247525
2024-03-25,2024-03-21,-2,10125.0,1.0024752475247525,1.0024752475247525
2024-03-25,2024-03-22,-1,10100.0,1.0,1.0
2024-03-25,2024-03-25,0,10075.0,0.9975247524752475,1.020049504950495
2024-03-25,2024-03-26,1,10050.0,0.995049504950495,1.0175742574257425
2024-03-25,2024-03-27,2,10075.0,0.9975247524752475,1.020049504950495
2024-03-25,2024-03-28,3,10075.0,0.9975247524752475,1.020049504950495
2024-03-25,2024-04-01,4,9850.0,0.9752475247524752,0.9977722772277228
2024-03-25,2024-04-02,5,9900.0,0.9801980198019802,1.0027227722772276
2024-03-25,2024-04-03,6,9525.0,0.943069306930693,0.9655940594059406
2024-03-25,2024-04-04,7,9850.0,0.9752475247524752,0.9977722772277228
2024-03-25,2024-04-05,8,9825.0,0.9727722772277227,0.9952970297029703
2024-03-25,2024-04-16,9,9475.0,0.9381188118811881,0.9606435643564356
2024-03-25,2024-04-17,10,9525.0,0.943069306930693,0.9655940594059406
2024-03-25,2024-04-18,11,9475.0,0.9381188118811881,0.9606435643564356
2024-03-25,2024-04-19,12,9475.0,0.9381188118811881,0.9606435643564356
2024-03-25,2024-04-22,13,9350.0,0.9257425742574258,0.9482673267326732
2024-03-25,2024-04-23,14,9725.0,0.9628712871287128,0.9853960396039604
2024-03-25,2024-04-24,15,9950.0,0.9851485148514851,1.0076732673267326
2024-03-25,2024-04-25,16,9775.0,0.9678217821782178,0.9903465346534653
2024-03-25,2024-04-26,17,9625.0,0.9529702970297029,0.9754950495049505
2024-03-25,2024-04-29,18,9800.0,0.9702970297029703,0.9928217821782178
2024-03-25,2024-04-30,19,9800.0,0.9702970297029703,0.9928217821782178
2024-03-25,2024-05-02,20,9550.0,0.9455445544554455,0.968069306930693
2024-11-21,2024-11-07,-10,10175.0,1.0149625935162094,1.0149625935162094
2024-11-21,2024-11-08,-9,10075.0,1.0049875311720697,1.0049875311720697
2024-11-21,2024-11-11,-8,10050.0,1.0024937655860349,1.0024937655860349
2024-11-21,2024-11-12,-7,10150.0,1.0124688279301746,1.0124688279301746
2024-11-21,2024-11-13,-6,10150.0,1.0124688279301746,1.0124688279301746
2024-11-21,2024-11-14,-5,10100.0,1.0074812967581048,1.0074812967581048
2024-11-21,2024-11-15,-4,10175.0,1.0149625935162094,1.0149625935162094
2024-11-21,2024-11-18,-3,10000.0,0.9975062344139651,0.9975062344139651
2024-11-21,2024-11-19,-2,9925.0,0.9900249376558603,0.9900249376558603
2024-11-21,2024-11-20,-1,10025.0,1.0,1.0
2024-11-21,2024-11-21,0,9850.0,0.9825436408977556,0.9875311720698254
2024-11-21,2024-11-22,1,9850.0,0.9825436408977556,0.9875311720698254
2024-11-21,2024-11-25,2,10175.0,1.0149625935162094,1.0199501246882794
2024-11-21,2024-11-26,3,10000.0,0.9975062344139651,1.0024937655860349
2024-11-21,2024-11-28,4,10000.0,0.9975062344139651,1.0024937655860349
2024-11-21,2024-11-29,5,10000.0,0.9975062344139651,1.0024937655860349
2024-11-21,2024-12-02,6,9750.0,0.972568578553616,0.9775561097256857
2024-11-21,2024-12-03,7,10200.0,1.0174563591022443,1.0224438902743143
2024-11-21,2024-12-04,8,10200.0,1.0174563591022443,1.0224438902743143
2024-11-21,2024-12-05,9,10250.0,1.0224438902743143,1.027431421446384
2024-11-21,2024-12-06,10,10075.0,1.0049875311720697,1.0099750623441397
2024-11-21,2024-12-09,11,10350.0,1.032418952618454,1.0374064837905237
2024-11-21,2024-12-10,12,10350.0,1.032418952618454,1.0374064837905237
2024-11-21,2024-12-11,13,10425.0,1.0399002493765586,1.0448877805486285
2024-11-21,2024-12-12,14,10175.0,1.0149625935162094,1.0199501246882794
2024-11-21,2024-12-13,15,10050.0,1.0024937655860349,1.0074812967581048
2024-11-21,2024-12-16,16,10100.0,1.0074812967581048,1.0124688279301746
2024-11-21,2024-12-17,17,9900.0,0.9875311720698254,0.9925187032418953
2024-11-21,2024-12-18,18,9800.0,0.9775561097256857,0.9825436408977556
2024-11-21,2024-12-19,19,9675.0,0.9650872817955112,0.970074812967581
2024-11-21,2024-12-20,20,9650.0,0.9625935162094763,0.9675810473815462
2025-03-21,2025-03-07,-10,8925.0,1.0656716417910448,1.0656716417910448
2025-03-21,2025-03-10,-9,8925.0,1.0656716417910448,1.0656716417910448
2025-03-21,2025-03-11,-8,8925.0,1.0656716417910448,1.0656716417910448
2025-03-21,2025-03-12,-7,9125.0,1.0895522388059702,1.0895522388059702
2025-03-21,2025-03-13,-6,8975.0,1.0716417910447762,1.0716417910447762
2025-03-21,2025-03-14,-5,8750.0,1.044776119402985,1.044776119402985
2025-03-21,2025-03-17,-4,8600.0,1.026865671641791,1.026865671641791
2025-03-21,2025-03-18,-3,8300.0,0.991044776119403,0.991044776119403
2025-03-21,2025-03-19,-2,8325.0,0.9940298507462687,0.9940298507462687
2025-03-21,2025-03-20,-1,8375.0,1.0,1.0
2025-03-21,2025-03-21,0,7900.0,0.9432835820895522,0.9731343283582089
2025-03-21,2025-03-24,1,7950.0,0.9492537313432836,0.9791044776119403
2025-03-21,2025-03-25,2,8050.0,0.9611940298507463,0.991044776119403
2025-03-21,2025-03-26,3,8525.0,1.017910447761194,1.0477611940298508
2025-03-21,2025-03-27,4,8500.0,1.0149253731343284,1.044776119402985
2025-03-21,2025-04-08,5,7775.0,0.9283582089552239,0.9582089552238806
2025-03-21,2025-04-09,6,7925.0,0.9462686567164179,0.9761194029850746
2025-03-21,2025-04-10,7,8225.0,0.982089552238806,1.0119402985074626
2025-03-21,2025-04-11,8,8275.0,0.9880597014925373,1.017910447761194
2025-03-21,2025-04-14,9,8400.0,1.0029850746268656,1.0328358208955224
2025-03-21,2025-04-15,10,8575.0,1.0238805970149254,1.0537313432835822
2025-03-21,2025-04-16,11,8475.0,1.0119402985074626,1.0417910447761194
2025-03-21,2025-04-17,12,8500.0,1.0149253731343284,1.044776119402985
2025-03-21,2025-04-21,13,8300.0,0.991044776119403,1.0208955223880598
2025-03-21,2025-04-22,14,8500.0,1.0149253731343284,1.044776119402985
2025-03-21,2025-04-23,15,8725.0,1.0417910447761194,1.0716417910447762
2025-03-21,2025-04-24,16,8475.0,1.0119402985074626,1.0417910447761194
2025-03-21,2025-04-25,17,8600.0,1.026865671641791,1.0567164179104478
2025-03-21,2025-04-28,18,8775.0,1.0477611940298508,1.0776119402985074
2025-03-21,2025-04-29,19,8725.0,1.0417910447761194,1.0716417910447762
2025-03-21,2025-04-30,20,8825.0,1.0537313432835822,1.0835820895522388
2025-12-03,2025-11-19,-10,8475.0,1.0119402985074626,1.0119402985074626
2025-12-03,2025-11-20,-9,8425.0,1.0059701492537314,1.0059701492537314
2025-12-03,2025-11-21,-8,8400.0,1.0029850746268656,1.0029850746268656
2025-12-03,2025-11-24,-7,8475.0,1.0119402985074626,1.0119402985074626
2025-12-03,2025-11-25,-6,8500.0,1.0149253731343284,1.0149253731343284
2025-12-03,2025-11-26,-5,8425.0,1.0059701492537314,1.0059701492537314
2025-12-03,2025-11-27,-4,8325.0,0.9940298507462687,0.9940298507462687
2025-12-03,2025-11-28,-3,8275.0,0.9880597014925373,0.9880597014925373
2025-12-03,2025-12-01,-2,8400.0,1.0029850746268656,1.0029850746268656
2025-12-03,2025-12-02,-1,8375.0,1.0,1.0
2025-12-03,2025-12-03,0,8300.0,0.991044776119403,0.9976119402985074
2025-12-03,2025-12-04,1,8225.0,0.982089552238806,0.9886567164179104
2025-12-03,2025-12-05,2,8300.0,0.991044776119403,0.9976119402985074
2025-12-03,2025-12-08,3,8300.0,0.991044776119403,0.9976119402985074
2025-12-03,2025-12-09,4,8100.0,0.9671641791044776,0.9737313432835821
2025-12-03,2025-12-10,5,8075.0,0.9641791044776119,0.9707462686567164
2025-12-03,2025-12-11,6,8000.0,0.9552238805970149,0.9617910447761194
2025-12-03,2025-12-12,7,8000.0,0.9552238805970149,0.9617910447761194
2025-12-03,2025-12-15,8,8300.0,0.991044776119403,0.9976119402985074
2025-12-03,2025-12-16,9,8075.0,0.9641791044776119,0.9707462686567164
2025-12-03,2025-12-17,10,8025.0,0.9582089552238806,0.964776119402985
2025-12-03,2025-12-18,11,8175.0,0.9761194029850746,0.9826865671641791
2025-12-03,2025-12-19,12,8050.0,0.9611940298507463,0.9677611940298507
2025-12-03,2025-12-22,13,8175.0,0.9761194029850746,0.9826865671641791
2025-12-03,2025-12-23,14,8025.0,0.9582089552238806,0.964776119402985
2025-12-03,2025-12-24,15,8025.0,0.9582089552238806,0.964776119402985
2025-12-03,2025-12-29,16,8025.0,0.9582089552238806,0.964776119402985
2025-12-03,2025-12-30,17,8075.0,0.9641791044776119,0.9707462686567164
2025-12-03,2026-01-02,18,8025.0,0.9582089552238806,0.964776119402985
2025-12-03,2026-01-05,19,8075.0,0.9641791044776119,0.9707462686567164
2025-12-03,2026-01-06,20,8175.0,0.9761194029850746,0.9826865671641791
